date,runtype,distance,duration,pace,elevation,calories,hr,eventtype
2019-02-01,treadmill_running,10.0,3590.0,6.04,0,851.0,147.0,uncategorized
2019-02-02,treadmill_running,8.01,2799.0,5.91,0,639.0,142.0,uncategorized
2019-02-03,treadmill_running,10.02,3403.0,5.94,0,806.0,144.0,uncategorized
2019-02-05,treadmill_running,7.01,2294.0,5.82,0,505.0,143.0,uncategorized
2019-02-06,treadmill_running,5.26,1720.0,5.78,0,381.0,145.0,uncategorized
2019-02-12,treadmill_running,10.25,3409.0,5.85,0,721.0,143.0,uncategorized
2019-02-17,running,10.13,3465.56,5.73,68.0,713.0,143.0,uncategorized
2019-02-24,running,5.89,2041.0,5.82,42.0,466.0,150.0,uncategorized
2019-02-27,running,10.62,3541.13,5.76,79.0,764.0,145.0,uncategorized
2019-03-02,running,14.26,4902.27,5.92,119.0,1115.0,152.0,uncategorized
2019-03-03,running,7.77,2557.72,5.66,64.0,561.0,147.0,uncategorized
2019-03-16,treadmill_running,5.01,1820.0,6.48,0,428.0,148.0,uncategorized
2019-03-17,treadmill_running,6.65,2302.0,6.12,0,526.0,147.0,uncategorized
2019-03-18,treadmill_running,8.01,2781.0,6.1,0,629.0,147.0,uncategorized
2019-03-20,treadmill_running,9.58,3251.0,5.93,0,697.0,143.0,uncategorized
2019-03-21,treadmill_running,11.01,3777.54,6.01,0,892.0,153.0,uncategorized
2019-03-23,treadmill_running,9.51,3109.0,5.79,0,647.0,140.0,uncategorized
2019-03-24,treadmill_running,8.01,2586.0,5.75,0,485.0,133.0,uncategorized
2019-04-04,running,7.32,2539.94,6.0,52.0,582.0,155.0,uncategorized
2019-04-05,running,10.59,3688.51,6.01,77.0,848.0,157.0,uncategorized
2019-04-07,running,21.15,7618.03,6.19,80.0,1673.0,160.0,race
2019-04-13,running,7.62,2383.93,5.41,48.0,550.0,156.0,uncategorized
2019-04-14,running,10.76,3389.0,5.42,82.0,797.0,159.0,uncategorized
2019-04-20,treadmill_running,4.27,1353.0,5.51,0,280.0,139.0,uncategorized
2019-04-21,treadmill_running,6.01,1852.0,5.38,0,311.0,128.0,uncategorized
2019-04-23,treadmill_running,8.1,2441.0,5.29,0,526.0,144.0,uncategorized
2019-04-25,treadmill_running,10.03,3048.59,5.32,0,653.0,151.0,uncategorized
2019-05-01,running,3.69,1263.9,5.87,24.0,287.0,155.0,uncategorized
2019-05-02,running,7.26,2458.0,5.81,68.0,562.0,156.0,uncategorized
2019-05-05,running,7.65,2585.51,5.63,41.0,592.0,159.0,uncategorized
2019-05-12,running,3.61,1354.14,6.43,29.0,224.0,121.0,uncategorized
2019-05-14,running,7.01,2519.55,6.18,60.0,471.0,134.0,uncategorized
2019-05-19,running,7.39,2418.88,5.62,39.0,535.0,150.0,uncategorized
2019-05-20,running,7.14,2458.72,5.95,54.0,479.0,138.0,uncategorized
2019-05-21,running,7.51,2335.63,5.37,56.0,523.0,153.0,uncategorized
2019-05-26,running,8.14,2765.77,5.81,59.0,548.0,139.0,uncategorized
2019-06-01,running,6.81,2365.28,6.05,50.0,468.0,141.0,uncategorized
2019-06-02,running,10.51,3531.0,5.79,83.0,721.0,146.0,uncategorized
2019-06-08,running,7.89,2512.2,5.49,59.0,569.0,157.0,uncategorized
2019-06-09,running,8.09,2578.11,5.31,62.0,568.0,156.0,uncategorized
2019-06-13,treadmill_running,5.01,1548.0,5.45,0,297.0,134.0,uncategorized
2019-06-15,treadmill_running,6.04,1845.0,5.38,0,361.0,136.0,uncategorized
2019-06-16,treadmill_running,6.01,1862.0,5.47,0,406.0,145.0,uncategorized
2019-06-17,treadmill_running,6.03,1872.0,5.46,0,418.0,148.0,uncategorized
2019-06-27,running,9.64,3288.34,5.89,28.0,753.0,159.0,uncategorized
2019-06-28,running,10.01,3462.57,5.98,13.0,736.0,149.0,uncategorized
2019-06-30,running,6.11,2080.99,5.85,89.0,463.0,153.0,uncategorized
2019-07-06,running,7.59,2449.13,5.56,33.0,493.0,143.0,uncategorized
2019-07-16,running,7.32,2454.52,5.77,77.0,520.0,147.0,uncategorized
2019-07-19,treadmill_running,6.01,1962.17,5.45,0,440.0,154.0,uncategorized
2019-07-20,treadmill_running,6.51,2090.48,5.36,0,417.0,143.0,uncategorized
2019-07-21,treadmill_running,5.01,1648.74,5.51,0,354.0,148.0,uncategorized
2019-07-22,treadmill_running,5.37,1784.42,5.57,0,365.0,143.0,uncategorized
2019-07-30,running,4.12,1430.13,5.81,30.0,293.0,146.0,uncategorized
2019-08-05,running,7.42,2369.3,5.34,49.0,541.0,161.0,uncategorized
2019-08-13,running,10.15,3433.28,5.66,97.0,763.0,158.0,uncategorized
2019-08-15,running,10.26,3748.98,6.11,83.0,758.0,150.0,uncategorized
2019-08-17,running,10.51,3591.62,5.71,90.0,750.0,151.0,uncategorized
2019-08-18,running,7.51,2584.63,5.75,58.0,517.0,147.0,uncategorized
2019-08-20,running,7.09,2326.05,5.5,49.0,509.0,154.0,uncategorized
2019-08-21,running,5.76,1867.6,5.44,40.0,412.0,154.0,uncategorized
2019-08-22,running,5.76,1861.62,5.41,38.0,404.0,153.0,uncategorized
2019-08-25,running,15.13,5692.61,6.3,124.0,1007.0,135.0,uncategorized
2019-08-27,running,6.01,2069.74,5.76,32.0,466.0,157.0,uncategorized
2019-08-28,running,7.1,2445.74,5.76,57.0,503.0,146.0,uncategorized
2019-08-29,running,7.09,2499.52,5.9,57.0,508.0,143.0,uncategorized
2019-08-31,running,10.01,3583.83,5.99,66.0,729.0,145.0,uncategorized
2019-09-05,treadmill_running,5.14,1796.63,5.84,0,348.0,138.0,uncategorized
2019-09-07,treadmill_running,7.02,2200.53,5.24,0,412.0,139.0,uncategorized
2019-09-08,treadmill_running,8.0,2534.5,5.29,0,459.0,136.0,uncategorized
2019-09-09,treadmill_running,7.51,2400.93,5.34,0,438.0,136.0,uncategorized
2019-09-14,running,7.62,2600.05,5.72,69.0,572.0,154.0,uncategorized
2019-09-17,running,7.56,2534.71,5.63,73.0,518.0,144.0,uncategorized
2019-09-18,running,10.94,3987.29,6.09,91.0,743.0,137.0,uncategorized
2019-09-24,running,7.16,2383.15,5.57,51.0,532.0,153.0,uncategorized
2019-09-25,running,7.16,2365.22,5.54,53.0,505.0,148.0,uncategorized
2019-09-26,running,7.06,2341.62,5.55,54.0,469.0,141.0,uncategorized
2019-09-28,running,7.71,2595.13,5.64,69.0,532.0,143.0,uncategorized
2019-09-29,running,14.16,5231.84,6.18,132.0,917.0,136.0,uncategorized
2019-10-03,treadmill_running,5.03,1787.67,5.94,0,320.0,132.0,uncategorized
2019-10-04,treadmill_running,7.56,2693.76,5.95,0,525.0,140.0,uncategorized
2019-10-05,treadmill_running,5.13,1797.87,5.85,0,405.0,154.0,uncategorized
2019-10-06,treadmill_running,8.1,2994.71,6.19,0,574.0,138.0,uncategorized
2019-10-07,treadmill_running,8.18,2996.11,6.11,0,525.0,133.0,uncategorized
2019-10-12,running,7.68,2924.52,6.37,71.0,521.0,133.0,uncategorized
2019-10-15,running,10.61,3601.81,5.68,87.0,744.0,146.0,uncategorized
2019-10-17,running,7.15,2361.89,5.53,56.0,503.0,149.0,uncategorized
2019-10-20,running,7.3,2432.06,5.57,52.0,537.0,152.0,uncategorized
2019-10-21,running,7.27,2546.29,5.85,54.0,526.0,144.0,uncategorized
2019-10-22,running,7.31,2467.8,5.64,51.0,520.0,145.0,uncategorized
2019-10-24,running,7.27,2481.17,5.72,57.0,534.0,147.0,uncategorized
2019-10-25,running,7.26,2422.09,5.58,52.0,525.0,149.0,uncategorized
2019-10-27,running,14.01,4912.15,5.86,111.0,976.0,143.0,uncategorized
2019-10-29,treadmill_running,8.01,2812.24,5.87,0,553.0,139.0,uncategorized
2019-10-30,treadmill_running,8.01,2794.56,5.83,0,523.0,136.0,uncategorized
2019-10-31,treadmill_running,6.01,2075.03,5.77,0,394.0,136.0,uncategorized
2019-11-02,treadmill_running,8.01,2796.83,5.83,0,584.0,145.0,uncategorized
2019-11-03,treadmill_running,5.1,1799.95,5.89,0,344.0,136.0,uncategorized
2019-11-04,treadmill_running,8.01,2844.08,5.93,0,569.0,141.0,uncategorized
2019-11-06,treadmill_running,8.01,2838.36,5.92,0,545.0,138.0,uncategorized
2019-11-10,running,8.46,3010.7,5.95,79.0,624.0,145.0,uncategorized
2019-11-12,running,7.28,2493.1,5.74,57.0,510.0,143.0,uncategorized
2019-11-14,running,8.0,2712.27,5.67,80.0,583.0,148.0,uncategorized
2019-11-18,running,8.01,2686.63,5.62,72.0,495.0,134.0,uncategorized
2019-11-20,treadmill_running,6.07,2079.51,5.73,0,384.0,134.0,uncategorized
2019-11-21,treadmill_running,7.0,2428.35,5.79,0,483.0,139.0,uncategorized
2019-11-23,treadmill_running,8.68,2996.53,5.76,0,612.0,142.0,uncategorized
2019-11-25,running,7.3,2385.83,5.47,64.0,505.0,145.0,uncategorized
2019-11-27,running,8.01,2679.79,5.59,54.0,536.0,139.0,uncategorized
2019-11-30,running,7.51,2565.56,5.72,59.0,540.0,144.0,uncategorized
2019-12-02,running,8.01,2784.9,5.82,70.0,524.0,134.0,uncategorized
2019-12-04,running,8.01,2714.06,5.67,64.0,551.0,140.0,uncategorized
2019-12-05,running,5.02,1706.72,5.68,28.0,364.0,144.0,uncategorized
2019-12-07,running,10.57,3592.5,5.69,67.0,688.0,139.0,uncategorized
2019-12-10,treadmill_running,7.26,2459.1,5.66,0,408.0,128.0,uncategorized
2019-12-11,treadmill_running,7.07,2394.67,5.67,0,474.0,141.0,uncategorized
2019-12-12,treadmill_running,7.04,2381.92,5.68,0,469.0,138.0,uncategorized
2019-12-13,treadmill_running,5.2,1783.71,5.73,0,317.0,131.0,uncategorized
2019-12-14,treadmill_running,8.01,2623.69,5.47,0,524.0,140.0,uncategorized
2019-12-15,treadmill_running,8.01,2624.17,5.48,0,535.0,144.0,uncategorized
2019-12-17,treadmill_running,8.01,2619.0,5.47,0,583.0,150.0,uncategorized
2019-12-18,treadmill_running,6.01,1963.55,5.46,0,438.0,149.0,uncategorized
2019-12-19,treadmill_running,8.01,2664.08,5.56,0,598.0,150.0,uncategorized
2019-12-22,running,3.91,1400.49,5.99,22.0,299.0,144.0,uncategorized
2020-01-05,running,7.26,2686.25,6.2,124.0,583.0,152.0,uncategorized
2020-01-07,running,8.01,2856.2,5.97,60.0,612.0,151.0,uncategorized
2020-01-09,running,8.01,2733.72,5.72,58.0,603.0,154.0,uncategorized
2020-01-14,treadmill_running,6.01,2110.45,5.87,0,438.0,146.0,uncategorized
2020-01-15,treadmill_running,8.01,2763.02,5.78,0,553.0,144.0,uncategorized
2020-01-16,treadmill_running,8.03,2795.87,5.82,0,512.0,136.0,uncategorized
2020-01-17,treadmill_running,8.02,2768.86,5.77,0,580.0,147.0,uncategorized
2020-01-18,treadmill_running,8.02,2734.53,5.69,0,560.0,145.0,uncategorized
2020-01-19,treadmill_running,8.69,2957.88,5.68,0,569.0,141.0,uncategorized
2020-01-20,treadmill_running,6.01,2093.23,5.82,0,449.0,149.0,uncategorized
2020-01-25,running,7.51,2532.25,5.64,69.0,501.0,142.0,uncategorized
2020-01-26,running,3.78,1387.11,6.15,24.0,265.0,139.0,uncategorized
2020-01-28,running,7.05,2399.94,5.7,61.0,486.0,146.0,uncategorized
2020-01-31,running,8.01,2747.55,5.75,55.0,598.0,152.0,uncategorized
2020-02-02,running,10.62,3689.05,5.81,87.0,688.0,140.0,uncategorized
2020-02-04,running,8.04,2713.15,5.64,63.0,552.0,146.0,uncategorized
2020-02-05,running,8.02,2629.26,5.48,60.0,540.0,147.0,uncategorized
2020-02-06,running,7.26,2420.52,5.58,57.0,504.0,145.0,uncategorized
2020-02-08,running,7.32,2350.78,5.35,69.0,480.0,143.0,uncategorized
2020-02-09,running,7.3,2504.42,5.74,79.0,513.0,143.0,uncategorized
2020-02-12,treadmill_running,6.05,2124.68,5.86,0,486.0,153.0,uncategorized
2020-02-13,treadmill_running,6.04,2105.07,5.83,0,375.0,132.0,uncategorized
2020-02-16,treadmill_running,6.01,2108.09,5.87,0,417.0,142.0,uncategorized
2020-02-20,running,7.28,2559.43,5.88,59.0,539.0,146.0,uncategorized
2020-02-22,running,8.25,2767.8,5.61,67.0,578.0,145.0,uncategorized
2020-02-25,running,7.51,2526.7,5.64,47.0,540.0,147.0,uncategorized
2020-02-26,running,7.26,2448.4,5.65,49.0,533.0,150.0,uncategorized
2020-02-28,running,7.25,2519.69,5.81,52.0,479.0,138.0,uncategorized
2020-03-01,running,14.26,4873.31,5.72,111.0,1048.0,149.0,uncategorized
2020-03-03,running,7.26,2422.74,5.58,50.0,509.0,145.0,uncategorized
2020-03-06,running,7.25,2423.59,5.59,64.0,491.0,142.0,uncategorized
2020-03-08,running,14.26,4923.88,5.77,111.0,951.0,144.0,uncategorized
2020-03-10,running,7.26,2357.78,5.44,50.0,556.0,159.0,uncategorized
2020-03-12,running,7.37,2575.01,5.84,49.0,547.0,147.0,uncategorized
2020-03-14,running,19.61,6315.92,5.37,109.0,1450.0,159.0,uncategorized
2020-03-18,running,7.48,2511.81,5.63,47.0,507.0,144.0,uncategorized
2020-03-19,running,7.33,2501.94,5.71,49.0,500.0,144.0,uncategorized
2020-03-21,running,11.03,4094.46,6.21,88.0,693.0,140.0,uncategorized
2020-03-23,running,7.26,2545.04,5.86,50.0,529.0,146.0,uncategorized
2020-03-24,running,7.26,2587.05,5.96,56.0,504.0,140.0,uncategorized
2020-03-25,running,7.36,2569.63,5.84,55.0,525.0,143.0,uncategorized
2020-03-26,running,7.35,2561.3,5.82,47.0,510.0,141.0,uncategorized
2020-04-13,running,7.31,2431.31,5.56,55.0,568.0,157.0,uncategorized
2020-04-15,running,7.31,2425.64,5.56,43.0,563.0,157.0,uncategorized
2020-04-17,running,7.37,2511.56,5.7,50.0,571.0,156.0,uncategorized
2020-04-19,running,7.31,2716.68,6.21,39.0,571.0,149.0,uncategorized
2020-04-21,running,7.26,2524.45,5.84,50.0,553.0,152.0,uncategorized
2020-04-22,running,7.26,2446.27,5.63,49.0,515.0,149.0,uncategorized
2020-04-25,running,7.29,2385.34,5.47,45.0,520.0,152.0,uncategorized
2020-04-27,running,7.27,2389.55,5.51,52.0,511.0,150.0,uncategorized
2020-04-28,running,7.38,2510.19,5.69,58.0,541.0,151.0,uncategorized
2020-04-30,running,7.28,2456.89,5.64,52.0,507.0,146.0,uncategorized
2020-05-02,running,7.3,2517.27,5.78,50.0,522.0,147.0,uncategorized
2020-05-04,running,7.26,2427.23,5.59,46.0,500.0,149.0,uncategorized
2020-05-05,running,7.28,2497.89,5.73,51.0,477.0,141.0,uncategorized
2020-05-07,running,7.25,2435.46,5.62,60.0,514.0,148.0,uncategorized
2020-05-09,running,7.33,2400.54,5.48,53.0,526.0,151.0,uncategorized
2020-05-12,running,7.28,2358.56,5.43,50.0,503.0,149.0,uncategorized
2020-05-13,running,7.26,2320.22,5.36,57.0,524.0,154.0,uncategorized
2020-05-15,running,10.58,3856.41,6.09,77.0,708.0,140.0,uncategorized
2020-07-28,running,7.26,2449.8,5.66,61.0,519.0,153.0,uncategorized
2020-07-30,running,8.01,2795.82,5.85,40.0,587.0,152.0,uncategorized
2020-07-31,running,8.01,2757.4,5.77,64.0,565.0,150.0,uncategorized
2020-08-03,running,8.06,2712.73,5.65,57.0,578.0,154.0,uncategorized
2020-08-04,running,8.01,2733.36,5.72,67.0,582.0,153.0,uncategorized
2020-08-06,running,8.01,2698.89,5.65,61.0,593.0,154.0,uncategorized
2020-08-10,running,8.01,2698.53,5.64,73.0,554.0,147.0,uncategorized
2020-08-12,running,8.02,2639.75,5.51,77.0,560.0,151.0,uncategorized
2020-08-14,running,10.64,3603.05,5.67,92.0,777.0,152.0,uncategorized
2020-08-17,running,8.07,2758.62,5.72,73.0,604.0,156.0,uncategorized
2020-08-19,running,10.11,3339.19,5.52,84.0,719.0,152.0,uncategorized
2020-08-21,running,7.16,2540.18,5.93,64.0,538.0,150.0,uncategorized
2020-08-24,running,8.03,2781.59,5.8,76.0,593.0,154.0,uncategorized
2020-08-27,running,7.5,2641.34,5.89,52.0,559.0,151.0,uncategorized
2020-09-01,running,7.26,2508.22,5.78,66.0,549.0,154.0,uncategorized
2020-09-03,running,7.27,2544.49,5.85,56.0,552.0,154.0,uncategorized
2020-09-05,running,7.26,2503.38,5.77,47.0,559.0,157.0,uncategorized
2020-09-10,treadmill_running,7.23,2514.71,5.81,0,527.0,148.0,uncategorized
2020-09-11,treadmill_running,7.27,2515.17,5.81,0,554.0,153.0,uncategorized
2020-09-12,treadmill_running,7.29,2512.67,5.77,0,553.0,153.0,uncategorized
2020-09-14,treadmill_running,10.01,3534.77,5.9,0,740.0,148.0,uncategorized
2020-09-15,treadmill_running,7.38,2518.95,5.7,0,466.0,138.0,uncategorized
2020-09-16,treadmill_running,7.37,2519.45,5.71,0,468.0,137.0,uncategorized
2020-09-17,treadmill_running,5.31,1799.43,5.66,0,350.0,141.0,uncategorized
2020-09-19,treadmill_running,7.28,2521.17,5.78,0,487.0,141.0,uncategorized
2020-09-20,treadmill_running,6.01,2058.82,5.74,0,374.0,135.0,uncategorized
2020-09-21,treadmill_running,7.51,2533.93,5.64,0,470.0,141.0,uncategorized
2020-09-27,running,7.26,2406.73,5.55,65.0,513.0,151.0,uncategorized
2020-09-29,running,7.25,2391.84,5.51,46.0,534.0,158.0,uncategorized
2020-10-02,running,7.25,2378.91,5.49,57.0,500.0,149.0,uncategorized
2020-10-05,running,7.25,2361.08,5.44,89.0,496.0,148.0,uncategorized
2020-10-06,running,7.26,2368.87,5.46,64.0,511.0,153.0,uncategorized
2020-10-10,running,7.28,2499.42,5.74,60.0,563.0,157.0,uncategorized
2020-10-12,running,7.29,2451.5,5.62,61.0,526.0,152.0,uncategorized
2020-10-16,running,6.51,2173.8,5.59,52.0,483.0,156.0,uncategorized
2020-10-18,running,7.26,2530.83,5.83,56.0,526.0,147.0,uncategorized
2020-10-19,running,7.26,2403.54,5.54,47.0,539.0,156.0,uncategorized
2020-10-22,running,7.26,2426.05,5.6,59.0,512.0,149.0,uncategorized
2020-10-24,running,7.26,2393.26,5.51,61.0,528.0,154.0,uncategorized
2020-10-25,running,7.26,2362.85,5.44,52.0,527.0,156.0,uncategorized
2020-10-26,running,7.25,2320.47,5.36,53.0,515.0,153.0,uncategorized
2020-10-29,running,7.06,2277.01,5.4,57.0,482.0,146.0,uncategorized
2020-10-31,running,7.06,2259.48,5.36,60.0,498.0,148.0,uncategorized
2020-11-02,running,7.02,2227.22,5.32,42.0,485.0,146.0,uncategorized
2020-11-07,running,5.01,1544.96,5.14,36.0,346.0,148.0,uncategorized
2020-11-08,running,6.01,1911.6,5.32,36.0,441.0,153.0,uncategorized
2020-11-09,running,10.27,3417.63,5.57,90.0,689.0,146.0,uncategorized
2020-11-10,running,7.3,2385.08,5.47,49.0,565.0,156.0,uncategorized
2020-11-12,running,7.35,2381.84,5.42,44.0,526.0,148.0,uncategorized
2020-11-14,running,10.03,3313.65,5.53,69.0,749.0,153.0,uncategorized
2020-11-15,running,7.44,2471.03,5.56,52.0,524.0,144.0,uncategorized
2020-11-21,running,7.26,2395.08,5.52,54.0,555.0,153.0,uncategorized
2020-11-22,running,8.05,2757.69,5.73,58.0,628.0,151.0,uncategorized
2020-11-23,running,5.28,1735.1,5.49,26.0,394.0,149.0,uncategorized
2020-11-28,running,8.03,2807.1,5.85,46.0,640.0,153.0,uncategorized
2020-11-29,running,12.0,4288.55,5.98,97.0,897.0,148.0,uncategorized
2020-12-04,running,8.01,2759.45,5.77,52.0,603.0,148.0,uncategorized
2020-12-06,running,10.01,3598.83,6.01,69.0,763.0,148.0,uncategorized
2020-12-08,running,8.53,2893.88,5.68,63.0,651.0,152.0,uncategorized
2020-12-11,running,5.5,1799.66,5.48,25.0,367.0,142.0,uncategorized
2020-12-17,running,6.02,2068.71,5.75,43.0,471.0,151.0,uncategorized
2020-12-18,running,9.25,3189.85,5.76,60.0,639.0,141.0,uncategorized
2020-12-23,running,7.04,2436.46,5.79,46.0,526.0,147.0,uncategorized
2020-12-24,running,8.0,2796.44,5.84,67.0,609.0,151.0,uncategorized
2020-12-30,treadmill_running,5.26,1880.83,5.98,0,364.0,138.0,uncategorized
2020-12-31,treadmill_running,6.26,2206.49,5.89,0,482.0,150.0,uncategorized
2021-01-01,treadmill_running,6.26,2180.68,5.82,0,420.0,137.0,uncategorized
2021-01-03,treadmill_running,6.26,2158.34,5.77,0,404.0,136.0,uncategorized
2021-01-04,treadmill_running,5.06,1799.41,5.94,0,349.0,138.0,uncategorized
2021-01-05,treadmill_running,5.44,1965.25,6.11,0,389.0,140.0,uncategorized
2021-01-06,treadmill_running,5.51,1897.02,5.74,0,414.0,147.0,uncategorized
2021-01-07,treadmill_running,5.2,1792.31,5.78,0,417.0,155.0,uncategorized
2021-01-25,running,8.02,2772.71,5.78,90.0,606.0,151.0,uncategorized
2021-02-04,running,8.21,2761.79,5.62,56.0,636.0,157.0,uncategorized
2021-03-15,running,5.39,1829.33,5.72,27.0,411.0,162.0,uncategorized
2021-03-17,running,5.76,2034.97,5.92,40.0,420.0,153.0,uncategorized
2021-03-19,running,7.07,2568.05,6.08,47.0,545.0,158.0,uncategorized
2021-03-22,running,6.01,2151.12,6.0,38.0,457.0,156.0,uncategorized
2021-03-24,running,7.1,2474.71,5.84,45.0,532.0,158.0,uncategorized
2021-03-25,running,7.26,2546.59,5.87,50.0,527.0,152.0,uncategorized
2021-03-27,running,7.36,2631.59,5.97,35.0,509.0,145.0,uncategorized
2021-03-29,running,8.21,2938.4,5.99,41.0,558.0,142.0,uncategorized
2021-03-31,running,8.1,2962.71,6.13,34.0,547.0,140.0,uncategorized
2021-05-05,running,5.51,2086.36,6.35,29.0,428.0,152.0,uncategorized
2021-05-06,running,5.5,2052.74,6.24,26.0,409.0,148.0,uncategorized
2021-05-09,running,4.99,1921.77,6.44,21.0,379.0,150.0,uncategorized
2021-05-11,running,6.01,2182.18,6.09,29.0,447.0,150.0,uncategorized
2021-05-14,running,7.75,2847.49,6.15,65.0,572.0,148.0,uncategorized
2021-05-16,running,10.81,3988.67,6.18,56.0,848.0,158.0,uncategorized
2021-05-18,running,8.07,2871.77,5.95,44.0,605.0,156.0,uncategorized
2021-05-20,running,8.12,2822.01,5.81,40.0,593.0,153.0,uncategorized
2021-05-23,running,11.51,4016.31,5.84,81.0,766.0,145.0,uncategorized
2021-05-25,running,12.01,4122.87,5.75,72.0,855.0,153.0,uncategorized
2021-05-27,running,10.07,3658.78,6.08,32.0,736.0,151.0,uncategorized
2021-05-30,running,8.29,2930.66,5.91,43.0,693.0,167.0,uncategorized
2021-06-02,running,8.33,2857.39,5.74,46.0,576.0,146.0,uncategorized
2021-06-03,running,11.76,4113.48,5.85,71.0,862.0,152.0,uncategorized
2021-06-07,running,8.35,2892.42,5.8,37.0,618.0,151.0,uncategorized
2021-06-09,running,8.3,2938.21,5.93,56.0,647.0,159.0,uncategorized
2021-06-10,running,8.45,2947.6,5.83,35.0,646.0,156.0,uncategorized
2021-06-15,running,8.36,2815.55,5.63,59.0,587.0,149.0,uncategorized
2021-06-17,running,11.19,3955.45,5.91,78.0,884.0,156.0,uncategorized
2021-06-21,running,8.37,2947.81,5.89,51.0,596.0,143.0,uncategorized
2021-06-23,running,8.35,2868.26,5.75,40.0,571.0,141.0,uncategorized
2021-06-25,running,5.53,1910.76,5.78,20.0,411.0,149.0,uncategorized
2021-06-28,running,8.28,2736.91,5.53,44.0,601.0,150.0,uncategorized
2021-06-30,running,8.38,2760.34,5.51,47.0,635.0,155.0,uncategorized
2021-07-05,running,8.38,2800.87,5.59,44.0,640.0,155.0,uncategorized
2021-07-07,running,8.37,2757.29,5.51,44.0,658.0,158.0,uncategorized
2021-07-09,running,4.22,1342.56,5.31,25.0,304.0,150.0,uncategorized
2021-07-11,running,7.5,2546.87,5.68,56.0,569.0,152.0,uncategorized
2021-07-13,running,8.26,2823.72,5.72,47.0,648.0,156.0,uncategorized
2021-07-16,running,9.01,3119.0,5.8,76.0,674.0,148.0,uncategorized
2021-07-18,running,9.01,3255.84,6.05,83.0,717.0,152.0,uncategorized
2021-07-19,running,9.01,3098.74,5.75,66.0,691.0,151.0,uncategorized
2021-07-21,running,14.26,5077.4,5.96,84.0,950.0,147.0,uncategorized
2021-07-23,running,14.26,5036.12,5.91,106.0,1024.0,151.0,uncategorized
2021-07-25,running,14.01,4895.98,5.85,122.0,1010.0,148.0,uncategorized
2021-07-27,running,17.07,5901.45,5.78,147.0,1136.0,143.0,uncategorized
2021-07-29,running,17.01,5993.59,5.9,129.0,1235.0,149.0,uncategorized
2021-08-03,running,14.0,4790.48,5.72,117.0,986.0,147.0,uncategorized
2021-08-05,running,10.33,3446.91,5.59,65.0,773.0,154.0,uncategorized
2021-08-07,running,8.01,2729.0,5.71,40.0,500.0,135.0,uncategorized
2021-08-09,running,10.78,3577.71,5.55,62.0,754.0,147.0,uncategorized
2021-08-09,running,0.77,361.18,7.95,4.0,61.0,131.0,uncategorized
2021-08-11,running,21.26,7283.1,5.71,149.0,1378.0,145.0,uncategorized
2021-08-14,running,21.26,7148.47,5.6,150.0,1289.0,142.0,uncategorized
2021-08-17,running,21.51,7052.32,5.46,133.0,1347.0,147.0,uncategorized
2021-08-19,running,10.51,3457.05,5.5,47.0,653.0,137.0,uncategorized
2021-08-22,running,10.25,3328.33,5.44,56.0,654.0,140.0,uncategorized
2021-08-24,running,21.53,7171.89,5.55,149.0,1421.0,144.0,uncategorized
2021-08-26,running,12.26,4043.8,5.53,88.0,819.0,143.0,uncategorized
2021-08-30,running,25.34,8500.9,5.59,186.0,1623.0,147.0,uncategorized
2021-09-02,running,25.3,8493.1,5.62,171.0,1746.0,149.0,uncategorized
2021-09-06,running,25.4,8614.44,5.65,181.0,1611.0,141.0,uncategorized
2021-09-08,running,10.0,3089.95,5.15,55.0,709.0,152.0,uncategorized
2021-09-11,running,30.1,10420.19,5.77,205.0,2028.0,150.0,uncategorized
2021-09-14,running,10.0,3051.96,5.08,60.0,675.0,150.0,uncategorized
2021-09-16,running,30.04,10043.1,5.59,214.0,2146.0,156.0,uncategorized
2021-09-19,running,10.08,3294.9,5.46,49.0,686.0,146.0,uncategorized
2021-09-21,running,21.12,6870.25,5.42,157.0,1505.0,153.0,uncategorized
2021-09-23,running,13.02,4088.87,5.26,76.0,845.0,144.0,uncategorized
2021-09-26,running,32.51,11047.93,5.67,218.0,2247.0,149.0,uncategorized
2021-09-28,running,10.15,3331.72,5.48,50.0,666.0,141.0,uncategorized
2021-09-30,running,21.18,6794.03,5.36,148.0,1382.0,148.0,uncategorized
2021-10-03,running,18.02,6413.57,5.95,219.0,1318.0,149.0,uncategorized
2021-10-05,running,12.55,4296.95,5.72,213.0,885.0,147.0,uncategorized
2021-10-08,running,22.01,7640.93,5.8,241.0,1481.0,144.0,uncategorized
2021-10-10,running,28.31,9709.75,5.74,312.0,1753.0,143.0,uncategorized
2021-10-12,running,8.01,3076.57,6.43,224.0,624.0,146.0,uncategorized
2021-10-13,running,8.01,2965.17,6.18,225.0,611.0,148.0,uncategorized
2021-10-14,running,8.01,2993.39,6.25,227.0,603.0,145.0,uncategorized
2021-10-16,treadmill_running,8.01,2667.08,5.55,0,472.0,133.0,uncategorized
2021-10-17,treadmill_running,8.01,2580.5,5.37,0,522.0,147.0,uncategorized
2021-10-18,running,8.01,3195.57,6.67,269.0,595.0,138.0,uncategorized
2021-10-22,running,14.01,4743.54,5.67,215.0,867.0,139.0,uncategorized
2021-11-02,running,7.6,2915.12,6.41,91.0,523.0,133.0,uncategorized
2021-11-04,running,8.01,3072.75,6.43,88.0,638.0,150.0,uncategorized
2022-01-02,running,4.21,1575.77,6.26,77.0,343.0,152.0,uncategorized
2022-01-17,running,7.51,2685.4,5.98,81.0,565.0,156.0,uncategorized
2022-01-19,running,8.0,2909.61,6.08,140.0,653.0,165.0,uncategorized
2022-01-19,running,1.56,677.13,7.39,9.0,140.0,148.0,uncategorized
2022-01-20,running,10.1,3692.85,6.11,155.0,740.0,153.0,uncategorized
2022-01-23,running,12.01,4183.1,5.82,76.0,916.0,160.0,uncategorized
2022-01-25,treadmill_running,7.3,2660.17,6.17,0,504.0,140.0,uncategorized
2022-01-26,treadmill_running,8.0,2801.34,5.83,0,560.0,145.0,uncategorized
2022-01-27,treadmill_running,5.09,1775.35,5.82,0,370.0,148.0,uncategorized
2022-01-27,treadmill_running,5.51,1980.35,6.02,0,385.0,142.0,uncategorized
2022-01-28,treadmill_running,8.31,2865.44,5.75,0,531.0,139.0,uncategorized
2022-01-29,treadmill_running,8.51,2840.71,5.56,0,473.0,132.0,uncategorized
2022-01-30,treadmill_running,8.58,2853.75,5.55,0,468.0,132.0,uncategorized
2022-01-31,treadmill_running,8.48,2851.55,5.61,0,502.0,137.0,uncategorized
2022-02-03,running,7.54,2490.63,5.53,81.0,541.0,157.0,uncategorized
2022-02-05,running,10.07,3538.83,5.87,150.0,699.0,147.0,uncategorized
2022-02-07,running,14.11,4934.5,5.85,194.0,1018.0,153.0,uncategorized
2022-02-09,running,7.01,2353.48,5.62,27.0,470.0,143.0,uncategorized
2022-02-10,running,5.22,1771.23,5.68,43.0,346.0,138.0,uncategorized
2022-02-11,running,14.51,5087.3,5.86,207.0,997.0,146.0,uncategorized
2022-02-14,running,11.44,4095.59,6.0,111.0,846.0,149.0,uncategorized
2022-02-15,running,8.01,2664.24,5.56,30.0,558.0,144.0,uncategorized
2022-02-15,running,5.21,1731.21,5.56,43.0,340.0,139.0,uncategorized
2022-02-16,running,5.23,1786.17,5.71,41.0,352.0,138.0,uncategorized
2022-02-19,running,14.53,5187.77,5.96,207.0,1003.0,143.0,uncategorized
2022-02-22,treadmill_running,8.18,2899.49,5.91,0,485.0,130.0,uncategorized
2022-02-23,treadmill_running,9.26,3209.63,5.79,0,473.0,125.0,uncategorized
2022-02-24,treadmill_running,8.39,2849.13,5.67,0,395.0,120.0,uncategorized
2022-02-25,treadmill_running,9.01,3027.71,5.61,0,487.0,128.0,uncategorized
2022-02-26,treadmill_running,8.01,2666.29,5.56,0,484.0,134.0,uncategorized
2022-02-27,treadmill_running,5.2,1785.01,5.73,0,295.0,125.0,uncategorized
2022-03-15,running,14.51,5205.19,6.0,209.0,1149.0,155.0,uncategorized
2022-03-16,running,13.62,4903.88,6.02,254.0,1097.0,158.0,uncategorized
2022-03-19,running,26.02,9789.95,6.29,204.0,1963.0,150.0,uncategorized
2022-03-21,running,18.04,6770.56,6.28,267.0,1374.0,161.0,uncategorized
2022-03-21,running,0.57,221.0,6.96,0.0,42.0,132.0,uncategorized
2022-03-23,running,18.0,6245.15,5.8,211.0,1075.0,144.0,uncategorized
2022-03-25,running,15.06,5144.31,5.71,92.0,1063.0,150.0,uncategorized
2022-03-27,running,27.46,9608.74,5.85,227.0,1691.0,141.0,uncategorized
2022-03-29,treadmill_running,7.54,2614.78,5.79,0,436.0,130.0,uncategorized
2022-03-30,treadmill_running,8.01,2699.26,5.62,0,446.0,130.0,uncategorized
2022-03-31,treadmill_running,8.51,2892.3,5.68,0,523.0,136.0,uncategorized
2022-04-01,treadmill_running,7.52,2582.53,5.73,0,493.0,138.0,uncategorized
2022-04-03,treadmill_running,8.51,2919.33,5.73,0,545.0,137.0,uncategorized
2022-04-04,treadmill_running,5.32,1799.21,5.64,0,319.0,131.0,uncategorized
2022-04-07,running,9.01,3039.48,5.64,58.0,657.0,149.0,uncategorized
2022-04-10,running,20.02,6454.96,5.39,109.0,1312.0,150.0,uncategorized
2022-04-12,running,12.01,4078.13,5.68,135.0,827.0,150.0,uncategorized
2022-04-13,running,3.82,1232.33,5.4,47.0,246.0,139.0,uncategorized
2022-04-15,running,20.53,6826.19,5.55,154.0,1481.0,154.0,uncategorized
2022-04-17,running,26.33,9565.45,6.07,239.0,1918.0,155.0,uncategorized
2022-04-19,running,7.01,2103.61,5.02,28.0,434.0,147.0,uncategorized
2022-04-20,running,3.01,937.26,5.21,27.0,194.0,140.0,uncategorized
2022-04-22,running,10.02,3184.29,5.31,60.0,690.0,148.0,uncategorized
2022-04-24,running,21.15,6967.19,5.5,85.0,1709.0,166.0,race
2022-04-27,treadmill_running,5.0,1809.75,6.05,0,350.0,145.0,uncategorized
2022-04-28,treadmill_running,5.02,1779.3,5.94,0,309.0,135.0,uncategorized
2022-04-29,treadmill_running,5.0,1790.3,5.98,0,368.0,151.0,uncategorized
2022-04-30,treadmill_running,5.02,1785.05,5.94,0,378.0,153.0,uncategorized
2022-05-01,treadmill_running,9.79,3512.0,5.99,0,673.0,144.0,uncategorized
2022-05-05,running,7.66,2777.95,6.06,96.0,532.0,139.0,uncategorized
2022-05-08,running,42.62,15436.04,6.06,176.0,3118.0,165.0,race
2022-05-13,running,8.01,2703.29,5.66,34.0,518.0,145.0,uncategorized
2022-05-15,running,10.0,3383.17,5.66,14.0,757.0,158.0,uncategorized
2022-05-19,running,8.51,2976.24,5.85,59.0,605.0,148.0,uncategorized
2022-05-21,trail_running,32.49,15531.45,8.07,665.0,2356.0,141.0,uncategorized
2022-05-26,running,5.01,2118.86,7.08,83.0,377.0,137.0,uncategorized
2022-05-30,running,10.05,3432.33,5.71,165.0,708.0,151.0,uncategorized
2022-05-31,running,10.02,3381.58,5.64,146.0,749.0,160.0,uncategorized
2022-06-05,running,15.51,5489.73,5.92,288.0,1225.0,161.0,uncategorized
2022-06-06,running,10.01,3515.51,5.87,146.0,765.0,157.0,uncategorized
2022-06-07,running,10.01,3365.52,5.63,51.0,692.0,150.0,uncategorized
2022-06-12,running,10.01,3545.32,5.92,169.0,743.0,155.0,uncategorized
2022-06-13,running,10.07,3324.72,5.52,165.0,715.0,154.0,uncategorized
2022-06-14,running,10.1,3539.37,5.85,62.0,751.0,155.0,uncategorized
2022-06-19,running,20.01,7924.14,6.62,364.0,1529.0,153.0,uncategorized
2022-06-21,running,20.01,7373.27,6.16,361.0,1440.0,154.0,uncategorized
2022-06-25,running,15.33,5459.05,5.95,277.0,1107.0,154.0,uncategorized
2022-06-26,running,10.56,4713.78,7.46,96.0,981.0,159.0,uncategorized
2022-06-28,running,16.51,6158.57,6.24,311.0,1313.0,160.0,uncategorized
2022-06-30,running,15.58,5743.13,6.17,240.0,1242.0,165.0,uncategorized
2022-07-03,trail_running,11.82,6412.46,9.38,337.0,901.0,133.0,uncategorized
2022-07-08,trail_running,13.73,7654.16,9.71,357.0,1279.0,141.0,uncategorized
2022-07-11,running,4.22,1593.91,6.31,19.0,328.0,154.0,uncategorized
2022-07-17,running,5.01,1760.59,5.89,83.0,360.0,149.0,uncategorized
2022-07-20,running,7.62,2650.59,5.82,156.0,582.0,154.0,uncategorized
2022-07-21,running,10.01,3376.86,5.65,209.0,768.0,159.0,uncategorized
2022-07-23,treadmill_running,5.2,1790.38,5.74,0,344.0,139.0,uncategorized
2022-07-24,treadmill_running,7.24,2372.11,5.46,0,434.0,138.0,uncategorized
2022-07-25,treadmill_running,8.01,2601.99,5.42,0,493.0,144.0,uncategorized
2022-07-26,treadmill_running,8.01,2614.73,5.45,0,464.0,136.0,uncategorized
2022-07-27,treadmill_running,8.02,2650.44,5.51,0,500.0,142.0,uncategorized
2022-07-28,treadmill_running,2.28,776.17,5.69,0,167.0,147.0,uncategorized
2022-07-29,treadmill_running,6.01,2013.3,5.59,0,358.0,135.0,uncategorized
2022-07-31,running,10.05,3290.03,5.48,201.0,719.0,154.0,uncategorized
2022-08-02,running,10.01,3256.27,5.46,184.0,683.0,155.0,uncategorized
2022-08-04,running,8.01,2703.75,5.65,182.0,548.0,146.0,uncategorized
2022-08-06,running,10.01,3236.22,5.41,324.0,723.0,155.0,uncategorized
2022-08-07,running,14.14,6605.69,7.82,1794.0,970.0,124.0,uncategorized
2022-08-09,running,5.61,1858.25,5.55,40.0,379.0,143.0,uncategorized
2022-08-10,running,10.51,3520.79,5.6,141.0,706.0,146.0,uncategorized
2022-08-11,running,5.16,1835.14,5.96,65.0,389.0,146.0,uncategorized
2022-08-13,running,16.01,5562.21,5.82,969.0,1135.0,152.0,uncategorized
2022-08-19,treadmill_running,5.62,1779.75,5.3,0,370.0,152.0,uncategorized
2022-08-20,treadmill_running,6.33,2028.29,5.38,0,346.0,136.0,uncategorized
2022-08-21,treadmill_running,7.17,2248.28,5.25,0,443.0,145.0,uncategorized
2022-08-22,treadmill_running,6.01,1897.41,5.3,0,398.0,152.0,uncategorized
2022-08-23,treadmill_running,6.01,1876.68,5.21,0,406.0,157.0,uncategorized
2022-08-25,treadmill_running,6.01,1883.15,5.24,0,384.0,150.0,uncategorized
2022-08-26,treadmill_running,6.01,1872.08,5.21,0,381.0,148.0,uncategorized
2022-08-28,running,21.17,7266.35,5.73,110.0,1604.0,162.0,race
2022-08-31,running,10.02,3285.17,5.49,153.0,691.0,156.0,uncategorized
2022-09-02,running,10.01,3190.04,5.33,151.0,703.0,160.0,uncategorized
2022-09-04,running,22.83,8496.43,6.22,412.0,1690.0,157.0,uncategorized
2022-09-07,running,8.01,2910.33,6.07,101.0,638.0,160.0,uncategorized
2022-09-10,running,42.39,19107.75,7.54,1143.0,3088.0,150.0,race
2022-09-13,running,8.01,2873.56,5.99,121.0,607.0,157.0,uncategorized
2022-09-15,running,10.03,3228.45,5.4,165.0,647.0,150.0,uncategorized
2022-09-18,running,11.18,3748.77,5.61,219.0,728.0,147.0,uncategorized
2022-09-19,running,21.8,7659.43,5.87,418.0,1576.0,158.0,uncategorized
2022-09-21,running,17.77,5979.27,5.62,105.0,1236.0,160.0,uncategorized
2022-09-22,running,16.79,6118.38,6.09,334.0,1219.0,152.0,uncategorized
2022-09-25,running,29.29,10519.77,6.0,369.0,1774.0,147.0,uncategorized
2022-09-26,running,15.68,5553.76,5.92,266.0,1034.0,147.0,uncategorized
2022-09-29,trail_running,10.25,4170.95,7.08,355.0,979.0,160.0,uncategorized
2022-09-30,trail_running,10.24,4184.27,7.0,368.0,798.0,147.0,uncategorized
2022-10-02,trail_running,10.19,4256.6,7.15,349.0,791.0,149.0,uncategorized
2022-10-04,trail_running,10.3,4082.02,6.83,346.0,891.0,153.0,uncategorized
2022-10-07,trail_running,15.47,5382.36,5.82,269.28,1135.0,155.0,uncategorized
2022-10-10,trail_running,15.39,5099.32,5.55,272.3,1124.0,160.0,uncategorized
2022-10-13,trail_running,14.69,5371.45,6.11,266.11,1083.0,137.0,uncategorized
2022-10-16,running,42.27,15190.98,6.01,135.16,3214.0,148.0,race
2022-10-19,running,15.28,5564.04,6.1,283.53,1126.0,145.0,uncategorized
2022-10-21,running,15.37,5315.53,5.8,269.41,1129.0,145.0,uncategorized
2022-10-23,trail_running,21.17,6894.61,5.46,144.91,1518.0,146.0,uncategorized
2022-10-25,running,15.29,5088.33,5.57,274.64,1108.0,144.0,uncategorized
2022-10-27,running,16.49,5776.04,5.87,309.84,1246.0,147.0,uncategorized
2022-10-30,trail_running,21.17,6643.76,5.25,193.4,1573.0,157.0,uncategorized
2022-10-31,running,15.21,5738.73,6.32,271.61,1180.0,142.0,uncategorized
2022-11-01,trail_running,15.19,5749.69,6.33,255.86,1150.0,144.0,uncategorized
2022-11-06,trail_running,18.0,7898.06,7.62,532.08,1630.0,152.0,uncategorized
2022-11-07,running,15.21,6044.72,6.65,258.28,1187.0,145.0,uncategorized
2022-11-08,running,15.24,5970.15,6.54,267.3,1193.0,150.0,uncategorized
2022-11-13,running,20.5,7955.79,6.5,448.43,1558.0,144.0,uncategorized
2022-11-14,running,15.15,5816.55,6.42,259.08,1194.0,151.0,uncategorized
2022-11-15,running,15.27,5733.51,6.28,270.58,1164.0,146.0,uncategorized
2022-11-20,running,20.38,7713.25,6.33,430.01,1604.0,151.0,uncategorized
2022-11-21,running,20.44,7828.99,6.4,425.89,1590.0,142.0,uncategorized
2022-11-23,running,20.43,7511.7,6.15,410.0,1580.0,151.0,training
2022-11-25,running,20.42,7580.95,6.23,438.47,1623.0,155.0,uncategorized
2022-11-28,running,15.35,5418.09,5.9,284.81,1166.0,151.0,uncategorized
2022-12-01,running,3.6,1768.65,8.19,87.69,261.0,116.0,uncategorized
2022-12-04,ultra_run,77.92,40801.34,9.45,2142.4,6595.0,140.0,race
2022-12-10,running,10.64,3657.89,5.74,94.49,809.0,153.0,uncategorized
2022-12-16,running,8.37,3007.69,6.0,56.32,638.0,150.0,uncategorized
2022-12-28,running,12.54,4653.74,6.22,124.22,993.0,147.0,uncategorized
2023-01-01,running,15.16,5732.85,6.33,259.49,1278.0,161.0,uncategorized
2023-01-04,running,13.0,4729.03,6.09,218.19,1001.0,151.0,uncategorized
2023-01-06,running,16.69,6115.68,6.13,296.47,1289.0,149.0,uncategorized
2023-01-08,running,15.16,5592.32,6.17,261.06,1203.0,161.0,uncategorized
2023-01-10,running,15.3,5513.66,6.04,307.52,1171.0,152.0,uncategorized
2023-01-12,running,12.01,4275.24,5.97,160.5,929.0,150.0,uncategorized
2023-01-13,running,12.05,4376.74,6.07,200.9,933.0,152.0,uncategorized
2023-01-15,running,15.21,5348.19,5.88,274.31,1160.0,155.0,uncategorized
2023-01-17,running,12.01,4233.3,5.91,183.54,926.0,157.0,uncategorized
2023-01-18,running,12.01,4394.19,6.13,276.24,908.0,147.0,uncategorized
2023-01-19,running,9.0,3239.42,6.05,109.52,686.0,148.0,uncategorized
2023-01-23,running,10.01,3680.68,6.15,40.73,758.0,134.0,uncategorized
2023-01-25,trail_running,10.06,4448.72,7.61,340.5,860.0,140.0,uncategorized
2023-01-26,treadmill_running,6.0,2141.18,5.95,0,483.0,151.0,uncategorized
2023-01-27,trail_running,10.29,4405.94,7.24,348.24,837.0,143.0,uncategorized
2023-01-28,treadmill_running,6.01,2133.42,5.92,0,471.0,157.0,uncategorized
2023-01-29,trail_running,10.32,4290.95,7.02,340.1,851.0,151.0,uncategorized
2023-01-30,treadmill_running,6.0,2135.08,5.93,0,432.0,145.0,uncategorized
2023-01-31,trail_running,10.24,4147.24,6.82,362.16,829.0,149.0,uncategorized
2023-02-02,treadmill_running,7.01,2487.82,5.92,0,466.0,137.0,uncategorized
2023-02-03,trail_running,10.02,3902.58,6.58,343.67,797.0,143.0,uncategorized
2023-02-04,treadmill_running,7.01,2469.71,5.88,0,464.0,142.0,uncategorized
2023-02-05,treadmill_running,7.01,2489.83,5.92,0,430.0,132.0,uncategorized
2023-02-06,trail_running,7.04,2772.38,6.69,256.46,572.0,143.0,uncategorized
2023-02-07,running,15.14,5204.29,5.77,246.03,1082.0,151.0,uncategorized
2023-02-18,running,15.09,5297.08,5.87,312.34,1171.0,150.0,uncategorized
2023-02-20,running,8.18,2828.69,5.79,138.3,634.0,152.0,uncategorized
2023-02-21,running,12.01,4237.29,5.91,162.14,955.0,155.0,uncategorized
2023-02-23,running,15.08,5280.64,5.88,277.15,1117.0,150.0,uncategorized
2023-02-25,running,15.1,5161.6,5.73,280.17,1090.0,147.0,uncategorized
2023-03-01,running,10.15,3205.15,5.32,28.78,720.0,143.0,uncategorized
2023-03-02,running,10.01,3121.5,5.23,33.48,733.0,155.0,uncategorized
2023-03-08,running,8.0,2628.45,5.51,139.79,613.0,160.0,uncategorized
2023-03-10,treadmill_running,6.01,2198.13,6.1,0,518.0,154.0,uncategorized
2023-03-11,trail_running,7.03,2926.61,7.03,297.21,613.0,137.0,uncategorized
2023-03-12,treadmill_running,7.0,2546.91,6.15,0,623.0,159.0,uncategorized
2023-03-13,trail_running,7.0,3082.63,7.61,281.33,640.0,141.0,uncategorized
2023-03-15,treadmill_running,7.0,2552.34,6.08,0,532.0,142.0,uncategorized
2023-03-16,treadmill_running,7.01,2528.93,6.02,0,590.0,155.0,uncategorized
2023-03-17,treadmill_running,7.01,2484.33,5.91,0,551.0,149.0,uncategorized
2023-03-19,running,8.3,3071.93,6.21,136.85,671.0,159.0,uncategorized
2023-03-20,running,8.12,2847.64,5.87,137.62,650.0,159.0,uncategorized
2023-03-21,running,10.62,3057.51,4.89,129.38,690.0,154.0,uncategorized
2023-03-27,running,8.04,2706.34,5.65,132.43,634.0,156.0,uncategorized
2023-03-29,treadmill_running,7.0,2510.51,5.98,0,604.0,157.0,uncategorized
2023-03-30,treadmill_running,7.01,2507.3,5.97,0,579.0,150.0,uncategorized
2023-03-31,treadmill_running,6.72,2413.18,5.99,0,557.0,150.0,uncategorized
2023-04-01,treadmill_running,6.95,2387.0,5.73,0,550.0,150.0,uncategorized
2023-04-02,treadmill_running,7.25,2489.52,5.77,0,557.0,146.0,uncategorized
2023-04-06,running,10.51,3946.57,6.29,149.69,815.0,150.0,uncategorized
2023-04-07,running,10.8,4058.79,6.3,182.25,842.0,149.0,uncategorized
2023-04-09,running,20.53,7620.63,6.25,247.4,1620.0,155.0,uncategorized
2023-04-10,running,15.33,5654.22,6.18,253.47,1151.0,146.0,uncategorized
2023-04-11,running,13.5,5278.98,6.54,233.59,1030.0,145.0,uncategorized
2023-04-16,running,21.14,7052.1,5.56,57.13,1644.0,171.0,race
2023-04-17,running,15.17,5558.05,6.13,262.51,1136.0,147.0,uncategorized
2023-04-18,running,15.1,5410.23,5.99,260.28,1160.0,156.0,uncategorized
2023-04-23,running,20.03,7478.82,6.25,361.67,1539.0,146.0,uncategorized
2023-04-24,running,15.21,5399.18,5.94,258.08,1219.0,160.0,uncategorized
2023-04-25,running,15.5,5802.16,7.01,260.94,1260.0,153.0,uncategorized
2023-04-30,running,20.0,7209.78,6.03,409.11,1608.0,160.0,uncategorized
2023-05-01,running,15.31,5560.22,6.06,263.28,1264.0,161.0,uncategorized
2023-05-03,running,20.02,7478.48,6.25,396.09,1524.0,151.0,uncategorized
2023-05-05,running,20.01,7727.25,6.45,413.75,1547.0,150.0,uncategorized
2023-05-07,running,20.01,7498.04,6.28,392.71,1487.0,146.0,uncategorized
2023-05-10,running,5.02,1827.33,6.1,49.8,380.0,141.0,uncategorized
2023-05-12,ultra_run,79.35,47078.52,11.92,3039.65,6797.0,128.0,race
2023-05-21,running,8.74,3044.17,5.87,57.93,643.0,150.0,uncategorized
2023-05-23,treadmill_running,6.01,2204.89,6.13,0,513.0,155.0,uncategorized
2023-05-24,treadmill_running,6.43,2365.86,6.14,0,453.0,137.0,uncategorized
2023-05-25,treadmill_running,7.17,2542.61,5.92,0,509.0,139.0,uncategorized
2023-05-27,treadmill_running,7.01,2508.63,5.97,0,537.0,145.0,uncategorized
2023-05-28,treadmill_running,5.07,1780.55,5.87,0,403.0,151.0,uncategorized
2023-05-29,treadmill_running,5.05,1776.93,5.88,0,353.0,143.0,uncategorized
2023-06-01,treadmill_running,5.0,1782.25,5.94,0,386.0,143.0,uncategorized
2023-06-04,running,13.11,5020.41,6.42,247.2,1088.0,158.0,uncategorized
2023-06-06,running,10.01,3569.0,5.97,158.86,776.0,157.0,uncategorized
2023-06-08,treadmill_running,7.51,2665.51,5.92,0,518.0,138.0,uncategorized
2023-06-09,treadmill_running,7.81,2702.77,5.78,0,519.0,137.0,uncategorized
2023-06-10,treadmill_running,7.4,2573.47,5.81,0,545.0,143.0,uncategorized
2023-06-11,treadmill_running,7.72,2698.54,5.83,0,588.0,145.0,uncategorized
2023-06-12,treadmill_running,7.74,2699.28,5.82,0,513.0,137.0,uncategorized
2023-06-16,running,13.01,4900.39,6.32,244.34,1072.0,162.0,uncategorized
2023-06-18,running,15.33,5439.21,5.94,287.21,1220.0,160.0,uncategorized
2023-06-20,treadmill_running,5.02,1779.77,5.92,0,418.0,155.0,uncategorized
2023-06-21,treadmill_running,7.54,2664.9,5.9,0,535.0,138.0,uncategorized
2023-06-22,treadmill_running,7.61,2662.47,5.84,0,600.0,154.0,uncategorized
2023-06-23,running,6.61,2387.43,6.05,193.72,544.0,157.0,uncategorized
2023-06-25,treadmill_running,5.07,1778.83,5.86,0,360.0,144.0,uncategorized
2023-06-26,treadmill_running,7.07,2482.16,5.86,0,580.0,159.0,uncategorized
2023-06-28,treadmill_running,7.03,2483.9,5.9,0,507.0,143.0,uncategorized
2023-06-29,treadmill_running,7.01,2489.24,5.92,0,450.0,135.0,uncategorized
2023-07-03,running,10.51,3739.75,5.96,166.24,783.0,143.0,uncategorized
2023-07-05,running,10.73,3592.61,5.6,153.13,882.0,nan,uncategorized
2023-07-06,running,14.01,5158.36,6.19,272.97,1042.0,145.0,uncategorized
2023-07-11,running,11.15,3522.04,5.29,29.61,793.0,144.0,uncategorized
2023-07-12,running,11.21,3340.56,4.98,30.87,793.0,151.0,uncategorized
2023-07-14,running,11.27,3335.51,4.97,24.99,779.0,144.0,training
2023-07-15,running,11.28,3283.47,4.87,26.7,799.0,149.0,uncategorized
2023-07-18,running,11.18,3222.69,4.84,34.02,786.0,141.0,uncategorized
2023-07-20,trail_running,22.5,7986.43,5.98,437.97,1608.0,146.0,uncategorized
2023-07-21,running,10.02,3208.95,5.39,15.52,703.0,135.0,uncategorized
2023-07-24,running,6.71,3856.0,9.99,219.66,467.0,99.0,uncategorized
2023-07-25,running,8.08,2750.47,5.7,224.43,555.0,133.0,uncategorized
2023-07-29,running,7.14,3234.07,7.61,101.4,492.0,109.0,uncategorized
2023-07-30,running,14.32,4886.33,5.77,460.9,1032.0,139.0,uncategorized
2023-07-31,running,12.09,5422.4,8.29,400.68,934.0,116.0,uncategorized
2023-08-01,trail_running,8.82,4216.24,8.25,318.9,664.0,116.0,uncategorized
2023-08-03,running,7.42,4265.0,10.58,327.45,585.0,112.0,uncategorized
2023-08-05,running,8.23,2735.84,5.57,134.55,569.0,135.0,uncategorized
2023-08-07,running,11.1,3150.61,4.77,32.12,769.0,148.0,uncategorized
2023-08-09,running,11.03,3280.61,4.97,29.73,789.0,151.0,uncategorized
2023-08-11,running,10.5,3330.73,5.31,22.76,741.0,137.0,uncategorized
2023-08-13,running,10.22,3443.29,5.67,16.64,708.0,132.0,uncategorized
2023-08-20,running,10.02,3336.92,5.59,150.25,713.0,152.0,uncategorized
2023-08-24,running,11.62,4216.23,6.07,233.45,912.0,156.0,uncategorized
2023-08-26,running,10.17,3385.55,5.56,102.59,742.0,154.0,uncategorized
2023-08-27,trail_running,10.01,3527.95,5.88,127.27,757.0,151.0,uncategorized
2023-08-28,trail_running,23.01,8813.42,6.57,459.13,1738.0,148.0,uncategorized
2023-08-31,running,10.22,3583.73,5.85,236.66,812.0,156.0,uncategorized
2023-09-03,trail_running,27.27,11905.96,7.67,742.3,2335.0,150.0,uncategorized
2023-09-05,running,5.28,1882.14,5.94,80.29,414.0,156.0,uncategorized
2023-09-09,ultra_run,51.5,24812.33,8.86,1540.23,4298.0,141.0,race
2023-09-20,running,5.57,1897.66,5.72,119.77,447.0,158.0,uncategorized
2023-09-21,running,5.73,1842.8,5.4,61.45,383.0,131.0,uncategorized
2023-09-23,running,4.51,1422.47,5.28,49.16,342.0,167.0,uncategorized
2023-09-24,running,9.93,2915.31,4.9,116.29,741.0,165.0,uncategorized
2023-09-26,running,7.5,2650.43,5.95,134.9,577.0,151.0,uncategorized
2023-09-27,running,5.7,1914.33,5.63,61.43,409.0,147.0,uncategorized
2023-09-28,running,8.1,2912.76,6.05,155.24,616.0,147.0,uncategorized
2023-09-29,running,6.01,1952.0,5.47,55.96,401.0,133.0,uncategorized
2023-10-01,trail_running,10.01,3832.52,6.41,243.5,702.0,142.0,uncategorized
2023-10-04,running,12.5,4661.72,6.23,153.08,896.0,138.0,uncategorized
2023-10-05,running,13.07,4708.66,6.03,210.91,922.0,135.0,uncategorized
2023-10-10,running,13.85,5048.45,6.12,287.83,1011.0,141.0,uncategorized
2023-10-11,running,13.03,4635.95,5.96,201.45,982.0,151.0,uncategorized
2023-10-12,running,11.01,4008.64,6.11,213.58,800.0,145.0,uncategorized
2023-10-17,running,12.6,4372.61,5.82,207.34,910.0,148.0,uncategorized
2023-10-18,running,12.7,4408.68,5.81,219.09,983.0,159.0,uncategorized
2023-10-19,running,11.1,3924.51,5.93,211.49,825.0,144.0,uncategorized
2023-10-24,running,11.01,3803.13,5.79,212.51,775.0,143.0,uncategorized
2023-10-25,running,5.72,1845.9,5.41,60.59,372.0,133.0,uncategorized
2023-10-26,running,11.01,3837.54,5.88,199.15,784.0,150.0,uncategorized
2023-10-27,running,5.73,1865.62,5.45,55.27,392.0,144.0,uncategorized
2023-10-29,trail_running,10.54,3749.85,5.97,225.29,771.0,156.0,uncategorized
2023-10-30,running,11.03,3962.96,6.02,195.7,841.0,148.0,uncategorized
2023-10-31,running,6.0,2011.75,5.6,60.02,410.0,146.0,uncategorized
2023-11-02,running,11.56,4307.31,6.25,187.59,844.0,146.0,uncategorized
2023-11-03,running,5.67,1919.66,5.67,56.19,379.0,135.0,uncategorized
2023-11-05,running,11.24,3323.62,4.97,27.05,760.0,142.0,uncategorized
2023-11-06,running,11.24,3350.24,4.99,57.73,781.0,139.0,uncategorized
2023-11-07,running,12.28,3331.39,4.55,52.7,749.0,141.0,uncategorized
2023-11-09,running,11.3,3284.13,4.86,24.64,749.0,140.0,uncategorized
2023-11-10,running,10.01,2971.95,4.98,26.52,733.0,147.0,uncategorized
2023-11-12,running,5.44,1872.71,5.78,95.22,368.0,137.0,uncategorized
2023-11-13,trail_running,18.01,6790.98,6.46,534.71,1318.0,145.0,uncategorized
2023-11-14,running,4.82,1702.73,5.98,53.9,323.0,134.0,uncategorized
2023-11-15,trail_running,16.6,5451.46,5.52,327.96,1166.0,146.0,uncategorized
2023-11-16,running,5.02,1710.62,5.71,54.14,342.0,136.0,uncategorized
2023-11-18,trail_running,19.31,6874.24,5.99,377.9,1355.0,140.0,uncategorized
2023-11-20,trail_running,20.05,6966.41,5.82,390.9,1455.0,148.0,uncategorized
2023-11-22,trail_running,19.44,6955.13,6.08,393.76,1445.0,146.0,uncategorized
2023-11-24,trail_running,19.38,6418.72,5.56,347.49,1405.0,150.0,uncategorized
2023-11-26,trail_running,19.2,6449.44,5.63,358.15,1330.0,139.0,uncategorized
2023-11-28,running,4.81,1557.53,5.43,61.54,330.0,141.0,uncategorized
2023-11-30,running,4.49,1643.52,6.26,70.32,317.0,138.0,uncategorized
2023-12-03,ultra_run,77.03,36429.19,8.64,2351.3,6145.0,130.0,race
2023-12-11,running,4.22,1612.2,6.54,66.04,346.0,139.0,uncategorized
2023-12-13,running,6.05,2187.23,6.12,84.45,429.0,143.0,uncategorized
2023-12-16,running,6.01,1935.35,5.43,54.86,401.0,140.0,uncategorized
2023-12-17,running,5.74,2020.67,5.88,93.42,408.0,147.0,uncategorized
2023-12-18,running,6.01,2217.4,6.22,97.46,449.0,146.0,uncategorized
2023-12-20,running,7.01,2505.47,6.0,112.52,499.0,145.0,uncategorized
2023-12-27,trail_running,8.5,4372.61,8.61,303.05,654.0,118.0,uncategorized
2023-12-29,trail_running,8.05,3743.34,7.9,97.08,518.0,110.0,uncategorized
2023-12-30,trail_running,5.64,1727.0,5.12,82.01,365.0,142.0,uncategorized
2023-12-31,trail_running,6.02,2768.21,7.82,74.46,361.0,115.0,uncategorized
2024-01-02,running,6.03,2324.29,6.9,67.76,405.0,127.0,uncategorized
2024-01-03,running,5.13,1825.0,5.99,78.08,352.0,142.0,uncategorized
2024-01-05,running,6.32,2374.74,6.29,55.88,385.0,123.0,uncategorized
2024-01-08,running,6.76,2328.0,5.83,103.44,495.0,145.0,uncategorized
2024-01-09,running,5.23,1639.0,5.27,50.34,371.0,148.0,uncategorized
2024-01-10,running,7.36,2640.26,6.01,111.05,571.0,154.0,uncategorized
2024-01-11,running,5.23,1731.29,5.57,48.03,355.0,141.0,transportation
2024-01-13,trail_running,7.01,2383.67,5.71,106.01,480.0,148.0,uncategorized
2024-01-14,running,5.83,1998.29,5.72,81.18,412.0,150.0,uncategorized
2024-01-15,trail_running,7.29,2476.29,5.7,97.4,506.0,148.0,uncategorized
2024-01-16,running,8.26,2924.14,5.92,120.17,590.0,145.0,uncategorized
2024-01-18,running,4.45,1606.0,6.06,90.5,357.0,152.0,uncategorized
2024-01-18,running,5.01,1628.9,5.44,43.4,333.0,137.0,uncategorized
2024-01-19,running,5.02,1654.56,5.53,53.22,338.0,138.0,uncategorized
2024-01-21,trail_running,8.04,2708.73,5.65,144.13,533.0,147.0,uncategorized
2024-01-22,trail_running,9.01,3088.88,5.73,143.44,637.0,147.0,uncategorized
2024-01-23,trail_running,8.68,3240.28,6.28,159.57,638.0,149.0,uncategorized
2024-01-23,running,5.06,1682.76,5.63,53.54,333.0,136.0,transportation
2024-01-24,trail_running,5.11,1795.0,5.92,108.81,349.0,136.0,uncategorized
2024-01-25,running,3.6,1192.82,5.57,70.53,264.0,141.0,uncategorized
2024-01-25,running,5.06,1697.21,5.6,55.69,320.0,134.0,uncategorized
2024-01-28,trail_running,16.77,5638.95,5.67,199.02,1136.0,148.0,uncategorized
2024-01-30,running,7.0,2488.44,5.98,108.4,513.0,142.0,uncategorized
2024-01-31,trail_running,10.06,3485.55,5.81,177.54,711.0,147.0,uncategorized
2024-01-31,running,5.21,1631.01,5.3,51.37,324.0,129.0,uncategorized
2024-02-01,running,5.16,1751.54,5.71,49.52,318.0,128.0,uncategorized
2024-02-03,trail_running,10.51,3753.58,6.09,283.06,795.0,151.0,uncategorized
2024-02-04,trail_running,14.44,5539.27,6.88,296.8,1077.0,138.0,uncategorized
2024-02-06,trail_running,10.1,3421.29,5.69,185.61,653.0,139.0,uncategorized
2024-02-07,trail_running,10.1,3520.68,5.85,195.12,682.0,140.0,uncategorized
2024-02-07,running,5.08,1659.85,5.5,56.32,321.0,133.0,uncategorized
2024-02-08,running,5.0,1764.56,5.91,54.22,323.0,127.0,uncategorized
2024-02-09,trail_running,10.08,3556.95,5.93,159.44,615.0,135.0,uncategorized
2024-02-11,running,5.01,2072.69,6.95,6.57,385.0,135.0,race
2024-02-12,running,11.12,3296.86,4.99,26.89,768.0,141.0,uncategorized
2024-02-13,running,11.12,3254.26,4.9,33.46,737.0,134.0,uncategorized
2024-02-15,running,10.87,3167.38,4.88,22.44,700.0,138.0,uncategorized
2024-02-16,running,11.16,3179.7,4.76,24.25,730.0,143.0,uncategorized
2024-02-18,running,6.02,1960.98,5.46,67.24,371.0,137.0,uncategorized
2024-02-19,trail_running,10.07,3323.12,5.53,158.96,626.0,140.0,uncategorized
2024-02-20,trail_running,10.01,3568.76,5.99,183.8,638.0,140.0,uncategorized
2024-02-21,trail_running,10.15,3400.92,5.61,191.45,622.0,142.0,uncategorized
2024-02-24,trail_running,20.68,6701.57,5.41,220.11,1526.0,156.0,race
2024-02-25,trail_running,7.96,3010.31,6.74,248.45,681.0,145.0,uncategorized
2024-02-26,trail_running,11.67,4357.3,6.27,267.71,787.0,137.0,uncategorized
2024-02-28,trail_running,19.2,6871.27,6.01,394.7,1413.0,145.0,uncategorized
2024-03-01,trail_running,18.65,6746.52,6.07,351.84,1344.0,144.0,uncategorized
2024-03-03,trail_running,23.18,7883.51,5.69,402.14,1484.0,143.0,training
2024-03-05,trail_running,19.59,6827.79,5.84,394.63,1450.0,143.0,uncategorized
2024-03-07,trail_running,19.57,6719.02,5.75,400.72,1467.0,149.0,uncategorized
2024-03-09,trail_running,32.96,11743.63,5.97,403.04,2174.0,144.0,uncategorized
2024-03-10,running,6.5,2687.63,6.92,88.12,374.0,125.0,uncategorized
2024-03-13,trail_running,5.17,1800.3,5.83,59.64,328.0,139.0,uncategorized
2024-03-16,ultra_run,82.0,35720.03,7.83,1294.73,5969.0,136.0,race
2024-03-22,running,5.15,2343.91,7.76,15.49,348.0,107.0,uncategorized
2024-03-24,running,5.45,2666.83,8.46,114.57,369.0,116.0,uncategorized
2024-03-26,running,6.27,2319.53,6.21,61.13,412.0,134.0,uncategorized
2024-03-29,running,6.09,2248.61,6.17,80.04,417.0,140.0,uncategorized
2024-03-30,running,6.01,2155.23,6.04,76.0,383.0,139.0,uncategorized
2024-04-02,running,9.05,2906.79,5.37,134.8,589.0,143.0,uncategorized
2024-04-03,trail_running,9.62,3048.69,5.32,172.73,613.0,146.0,uncategorized
2024-04-05,trail_running,10.12,3179.95,5.29,108.58,626.0,148.0,uncategorized
2024-04-07,running,21.21,6601.03,5.19,332.07,1623.0,161.0,race
2024-04-09,running,9.01,3002.28,5.58,158.02,625.0,148.0,uncategorized
2024-04-11,running,9.04,3162.18,5.85,137.24,661.0,152.0,uncategorized
2024-04-12,trail_running,10.01,3473.23,5.82,129.14,692.0,147.0,uncategorized
2024-04-14,trail_running,10.06,3387.18,5.63,140.45,650.0,140.0,uncategorized
2024-04-15,trail_running,10.28,3272.04,5.33,161.29,646.0,142.0,uncategorized
2024-04-18,trail_running,10.01,3392.63,5.69,151.77,661.0,144.0,uncategorized
2024-04-19,trail_running,10.0,3443.13,5.78,144.91,665.0,143.0,uncategorized
2024-04-21,running,10.1,3240.3,5.36,66.18,668.0,132.0,uncategorized
2024-04-22,running,11.25,3110.46,4.64,26.13,728.0,144.0,uncategorized
2024-04-23,running,11.37,3485.45,5.14,31.42,751.0,136.0,uncategorized
2024-04-25,running,11.31,3089.0,4.57,23.29,770.0,155.0,uncategorized
2024-04-26,running,8.01,2286.75,4.8,14.04,538.0,149.0,uncategorized
2024-04-30,trail_running,10.4,3574.69,5.81,206.08,684.0,146.0,uncategorized
2024-04-30,trail_running,10.28,3296.52,5.39,130.26,634.0,143.0,uncategorized
2024-05-01,trail_running,11.16,3820.4,5.77,187.13,746.0,147.0,uncategorized
2024-05-03,trail_running,10.39,3687.22,5.95,230.39,673.0,141.0,uncategorized
2024-05-05,trail_running,10.39,3565.59,5.75,210.62,705.0,145.0,uncategorized
2024-05-09,trail_running,11.64,3807.77,5.49,210.72,776.0,151.0,uncategorized
2024-05-10,running,9.36,2854.88,5.12,121.04,636.0,152.0,uncategorized
2024-05-12,running,42.46,14692.16,5.81,399.48,3224.0,148.0,race
2024-05-14,trail_running,10.22,3484.45,5.71,161.58,668.0,140.0,uncategorized
2024-05-15,running,5.2,1829.55,5.88,56.48,344.0,132.0,uncategorized
2024-05-18,trail_running,17.7,6286.08,5.96,325.78,1288.0,149.0,uncategorized
2024-05-19,trail_running,18.88,6452.06,5.72,214.82,1297.0,152.0,uncategorized
2024-05-21,trail_running,20.74,7166.99,5.79,396.11,1492.0,145.0,uncategorized
2024-05-22,running,4.7,1464.38,5.27,39.67,313.0,142.0,uncategorized
2024-05-23,trail_running,15.29,5187.35,5.72,319.34,1004.0,142.0,uncategorized
2024-05-24,running,4.38,1434.58,5.51,39.85,299.0,151.0,uncategorized
2024-05-27,running,8.11,2515.57,5.19,12.45,577.0,150.0,uncategorized
2024-05-28,running,11.36,3629.67,5.36,25.99,790.0,142.0,uncategorized
2024-05-29,running,10.82,3280.88,5.08,20.48,737.0,146.0,uncategorized
2024-05-31,running,10.7,3403.76,5.31,23.94,764.0,147.0,uncategorized
2024-06-02,trail_running,22.65,9193.16,7.33,522.3,1709.0,140.0,uncategorized
2024-06-04,trail_running,15.55,5475.9,5.9,335.34,1002.0,142.0,uncategorized
2024-06-05,running,4.6,1483.7,5.41,44.55,276.0,130.0,uncategorized
2024-06-10,running,5.13,1775.92,5.87,98.2,378.0,145.0,uncategorized
2024-06-12,trail_running,5.85,1985.41,5.71,77.69,352.0,142.0,uncategorized
2024-06-15,ultra_run,82.44,42643.32,10.53,3525.44,7093.0,133.0,race
2024-06-23,running,6.23,2136.33,5.76,14.4,445.0,136.0,uncategorized
2024-06-24,running,5.61,2346.0,7.05,15.34,416.0,138.0,uncategorized
2024-06-28,running,5.78,2404.0,6.97,10.33,385.0,119.0,uncategorized
2024-07-01,running,5.44,2270.95,7.03,8.88,359.0,116.0,uncategorized
2024-07-02,running,5.61,1951.0,5.89,13.88,390.0,141.0,uncategorized
2024-07-04,running,5.74,1866.0,5.46,11.31,407.0,149.0,uncategorized
2024-07-08,running,7.03,2754.41,6.56,130.3,486.0,131.0,uncategorized
2024-07-11,trail_running,8.05,2831.68,6.08,130.19,544.0,134.0,uncategorized
2024-07-14,running,7.63,2841.98,6.28,136.56,543.0,128.0,uncategorized
2024-07-21,running,6.08,2193.22,6.05,72.31,468.0,150.0,uncategorized
2024-07-23,trail_running,6.49,2061.16,5.34,69.37,460.0,154.0,uncategorized
2024-07-24,trail_running,9.48,3134.9,5.57,136.11,622.0,146.0,uncategorized
2024-07-25,running,4.49,1408.35,5.26,55.16,286.0,143.0,uncategorized
2024-07-27,trail_running,7.16,2309.87,5.42,93.55,495.0,148.0,uncategorized
2024-07-29,trail_running,10.34,3451.98,5.61,158.09,721.0,153.0,uncategorized
2024-07-30,running,4.38,1517.85,5.84,37.77,273.0,135.0,uncategorized
2024-07-31,trail_running,10.0,3441.64,5.76,132.05,717.0,151.0,uncategorized
2024-08-01,running,4.43,1475.71,5.61,37.14,279.0,138.0,uncategorized
2024-08-04,trail_running,7.71,2613.68,5.71,115.44,509.0,145.0,uncategorized
2024-08-05,trail_running,9.52,3324.99,5.88,134.55,615.0,142.0,uncategorized
2024-08-06,running,4.57,1521.0,5.59,39.05,263.0,132.0,uncategorized
2024-08-07,trail_running,9.71,3166.62,5.48,142.67,651.0,148.0,uncategorized
2024-08-08,running,4.45,1432.0,5.44,39.08,274.0,134.0,uncategorized
2024-08-13,running,10.42,3644.17,5.85,23.52,747.0,144.0,uncategorized
2024-08-14,running,9.2,3211.11,5.89,27.73,637.0,135.0,uncategorized
2024-08-16,running,5.95,1937.0,5.48,17.73,401.0,138.0,uncategorized
2024-08-19,trail_running,10.55,3579.53,5.73,185.26,657.0,143.0,uncategorized
2024-08-20,running,4.47,1392.16,5.22,32.5,290.0,139.0,uncategorized
2024-08-21,trail_running,10.36,3512.3,5.68,170.95,668.0,144.0,uncategorized
2024-08-23,running,4.57,1441.5,5.3,52.24,283.0,134.0,uncategorized
2024-08-25,trail_running,10.51,3749.83,6.02,248.65,680.0,140.0,uncategorized
2024-08-26,trail_running,10.44,3715.87,6.0,239.06,689.0,137.0,uncategorized
2024-08-27,trail_running,10.44,3611.6,5.81,180.44,660.0,142.0,uncategorized
2024-08-28,trail_running,5.9,2039.06,5.86,100.72,400.0,134.0,uncategorized
2024-08-28,running,4.53,1504.72,5.56,37.34,281.0,135.0,uncategorized
2024-08-30,running,4.48,1499.08,5.59,36.43,264.0,123.0,uncategorized
2024-09-01,trail_running,15.46,5477.26,5.98,314.85,1008.0,141.0,uncategorized
2024-09-03,running,5.4,1705.97,5.31,55.91,361.0,138.0,uncategorized
2024-09-03,running,5.42,1913.79,5.96,58.02,370.0,125.0,uncategorized
2024-09-05,running,6.4,2116.02,5.55,69.04,418.0,132.0,uncategorized
2024-09-08,running,10.0,3207.72,5.4,15.52,695.0,142.0,uncategorized
2024-09-09,running,10.07,3413.44,5.67,17.13,670.0,132.0,uncategorized
2024-09-10,running,10.01,3052.09,5.15,31.59,669.0,143.0,uncategorized
2024-09-12,running,10.0,3036.71,5.19,22.78,673.0,143.0,uncategorized
2024-09-13,running,10.04,3092.17,5.15,22.07,676.0,139.0,uncategorized
2024-09-17,trail_running,11.45,3958.61,5.82,211.45,704.0,139.0,uncategorized
2024-09-18,trail_running,11.59,3887.22,5.64,217.19,784.0,148.0,uncategorized
2024-09-19,trail_running,11.45,3915.36,5.75,204.92,734.0,146.0,uncategorized
2024-09-21,trail_running,8.48,2859.08,5.71,154.67,504.0,134.0,uncategorized
2024-09-22,trail_running,24.36,8458.21,5.82,272.38,1508.0,140.0,uncategorized
2024-09-24,trail_running,9.66,3348.87,5.81,149.07,590.0,136.0,uncategorized
2024-09-28,trail_running,51.54,23485.71,8.52,1598.15,4223.0,140.0,race
2024-10-01,trail_running,11.36,3895.7,5.77,215.85,764.0,139.0,uncategorized
2024-10-03,trail_running,11.21,3770.21,5.63,198.09,771.0,151.0,uncategorized
2024-10-07,running,10.01,2971.58,4.99,22.97,699.0,138.0,uncategorized
2024-10-09,running,9.92,3087.81,5.2,27.29,666.0,141.0,uncategorized
2024-10-10,running,9.95,2970.54,5.0,16.45,668.0,143.0,uncategorized
2024-10-11,running,10.04,2856.49,4.77,16.0,689.0,152.0,uncategorized
2024-10-15,running,5.49,1734.15,5.29,96.92,389.0,145.0,uncategorized
2024-10-16,running,4.84,1451.69,5.03,39.8,303.0,137.0,uncategorized
2024-10-20,running,42.26,15420.02,6.13,219.52,3155.0,150.0,race
2024-10-22,running,5.65,1865.7,5.52,99.13,404.0,144.0,uncategorized
2024-10-23,running,6.44,2180.78,5.67,112.0,456.0,142.0,uncategorized
2024-10-24,running,5.02,1648.58,5.49,40.33,314.0,134.0,uncategorized
2024-10-26,trail_running,18.49,6555.52,5.98,324.6,1274.0,141.0,uncategorized
2024-10-28,trail_running,10.08,3841.24,6.38,246.76,706.0,143.0,uncategorized
2024-10-29,trail_running,10.37,3643.64,5.94,237.23,714.0,144.0,uncategorized
2024-10-30,trail_running,11.35,3844.58,5.68,198.41,765.0,145.0,uncategorized
2024-11-02,trail_running,8.6,2951.12,5.78,175.93,543.0,139.0,uncategorized
2024-11-03,running,9.34,2942.03,5.28,20.5,635.0,138.0,uncategorized
2024-11-13,running,5.62,1911.54,5.7,85.49,381.0,144.0,uncategorized
2024-11-14,trail_running,9.08,3355.43,6.21,139.01,639.0,145.0,uncategorized
2024-11-16,trail_running,16.92,5823.62,5.77,182.43,1132.0,151.0,uncategorized
2024-11-18,trail_running,21.65,7979.43,6.21,385.63,1569.0,148.0,uncategorized
2024-11-20,trail_running,17.57,6650.24,6.37,326.68,1271.0,146.0,uncategorized
2024-11-21,running,4.51,1430.8,5.33,35.98,289.0,137.0,uncategorized
2024-11-23,trail_running,18.7,6979.24,6.33,331.12,1332.0,146.0,uncategorized
2024-11-24,trail_running,10.45,3824.95,6.18,153.53,643.0,139.0,uncategorized
2024-11-26,running,4.54,1554.63,5.71,84.52,323.0,139.0,uncategorized
2024-12-01,ultra_run,83.97,43439.56,9.87,2582.02,6658.0,128.0,race
2024-12-11,running,5.52,1807.22,5.54,104.03,370.0,139.0,uncategorized
2024-12-12,running,4.61,1515.9,5.52,42.85,288.0,137.0,uncategorized
2024-12-15,running,8.92,3018.78,5.65,185.37,590.0,141.0,uncategorized
2024-12-16,running,5.52,1802.0,5.52,93.43,366.0,137.0,uncategorized
2024-12-17,running,4.83,1497.47,5.21,36.5,295.0,141.0,uncategorized
2024-12-18,running,5.31,1762.46,5.54,93.34,368.0,143.0,uncategorized
2024-12-19,running,4.83,1434.0,5.02,42.01,278.0,126.0,uncategorized
2024-12-22,running,6.82,2209.44,5.41,141.31,441.0,148.0,uncategorized
2024-12-23,running,7.65,2527.53,5.53,160.26,516.0,143.0,uncategorized
2024-12-24,trail_running,5.68,1907.0,5.67,77.35,354.0,140.0,uncategorized
2024-12-27,running,5.25,1670.64,5.35,90.35,336.0,141.0,uncategorized
2024-12-29,running,6.35,2220.67,5.88,133.54,417.0,136.0,uncategorized
2024-12-31,running,5.38,1719.03,5.36,101.57,343.0,134.0,uncategorized
2025-01-03,trail_running,6.43,2029.6,5.33,86.85,369.0,139.0,uncategorized
2025-01-05,trail_running,8.78,3009.92,5.78,104.5,586.0,144.0,uncategorized
2025-01-06,trail_running,6.4,2274.36,5.99,86.44,447.0,141.0,uncategorized
2025-01-07,running,8.05,3017.46,6.3,247.43,596.0,138.0,uncategorized
2025-01-08,running,8.01,2994.4,6.28,240.05,598.0,139.0,uncategorized
2025-01-08,running,4.97,1671.86,5.63,45.64,310.0,131.0,uncategorized
2025-01-09,running,5.89,2175.85,6.22,154.6,418.0,133.0,uncategorized
2025-01-09,running,4.19,1423.86,5.69,28.05,296.0,148.0,uncategorized
2025-01-10,running,4.08,1321.3,5.43,33.34,266.0,132.0,uncategorized
2025-01-12,running,1.35,477.0,5.88,39.47,109.0,146.0,uncategorized
2025-01-12,trail_running,24.85,10726.37,8.06,642.3,1914.0,137.0,uncategorized
2025-01-14,running,6.35,2378.0,6.37,55.99,417.0,129.0,uncategorized
2025-01-15,running,10.97,3418.95,5.28,62.58,609.0,128.0,uncategorized
2025-01-17,running,9.39,2928.72,5.25,52.79,513.0,132.0,uncategorized
2025-01-19,running,15.86,5382.01,5.67,442.33,1091.0,147.0,uncategorized
2025-01-20,running,7.91,2771.1,5.87,235.21,572.0,141.0,uncategorized
2025-01-21,running,7.91,2731.51,5.79,231.5,582.0,150.0,uncategorized
2025-01-21,running,4.96,1593.12,5.39,42.36,322.0,134.0,uncategorized
2025-01-22,running,7.83,2742.05,5.89,227.37,548.0,140.0,uncategorized
2025-01-22,running,4.97,1612.37,5.46,44.99,320.0,140.0,uncategorized
2025-01-23,running,6.4,2255.97,5.95,172.36,451.0,137.0,uncategorized
2025-01-24,running,5.4,1762.53,5.46,74.05,342.0,133.0,uncategorized
2025-01-26,running,10.13,3454.69,5.74,22.71,714.0,127.0,uncategorized
2025-01-27,running,10.12,3180.36,5.25,22.56,704.0,136.0,uncategorized
2025-01-29,running,10.11,3418.39,5.68,18.49,682.0,127.0,uncategorized
2025-01-30,running,10.15,3225.26,5.32,16.03,690.0,136.0,uncategorized
2025-01-31,running,10.12,2955.95,4.92,21.56,687.0,140.0,uncategorized
2025-02-03,running,10.35,3483.51,5.69,238.39,670.0,147.0,uncategorized
2025-02-04,running,8.01,2770.72,5.81,230.47,566.0,138.0,uncategorized
2025-02-05,running,7.98,2759.12,5.79,237.94,584.0,144.0,uncategorized
2025-02-05,running,4.83,1532.95,5.34,39.71,297.0,125.0,uncategorized
2025-02-06,running,7.97,2663.33,5.62,233.61,572.0,145.0,uncategorized
2025-02-06,running,3.9,1131.25,4.85,22.34,223.0,134.0,uncategorized
2025-02-07,running,4.11,1097.79,4.47,31.0,215.0,138.0,uncategorized
2025-02-09,running,17.82,5640.0,5.28,223.07,1175.0,142.0,uncategorized
2025-02-11,running,8.3,2899.96,5.88,245.38,602.0,142.0,uncategorized
2025-02-12,running,8.4,2839.24,5.7,249.6,597.0,140.0,uncategorized
2025-02-12,running,4.06,1137.18,4.69,27.0,237.0,134.0,uncategorized
2025-02-13,running,8.09,2671.64,5.52,248.6,590.0,147.0,uncategorized
2025-02-13,running,4.04,1238.0,5.22,35.84,268.0,145.0,uncategorized
2025-02-14,running,3.96,1206.0,5.17,32.62,244.0,131.0,uncategorized
2025-02-15,running,6.59,2106.76,5.36,116.81,391.0,128.0,uncategorized
2025-02-16,running,5.03,1934.52,6.42,10.15,395.0,124.0,race
2025-02-17,running,11.4,3356.08,4.97,24.13,783.0,140.0,uncategorized
2025-02-18,running,11.44,3372.54,4.95,28.56,765.0,142.0,uncategorized
2025-02-20,running,11.39,3196.8,4.72,22.19,754.0,148.0,uncategorized
2025-02-21,running,11.42,3353.89,4.91,28.62,782.0,140.0,uncategorized
2025-02-22,running,29.08,9453.95,5.48,297.36,1959.0,137.0,uncategorized
2025-02-25,running,9.19,2711.18,4.94,13.36,636.0,138.0,uncategorized
2025-02-25,running,5.15,1620.76,5.33,17.36,329.0,127.0,uncategorized
2025-02-26,running,11.24,3602.6,5.38,17.9,768.0,142.0,uncategorized
2025-02-28,running,8.21,2412.75,4.95,19.54,560.0,143.0,uncategorized
2025-03-02,trail_running,16.47,5544.38,5.66,297.84,1134.0,140.0,uncategorized
2025-03-03,trail_running,10.2,3311.42,5.46,168.25,636.0,135.0,uncategorized
2025-03-04,running,10.55,3387.44,5.39,204.36,743.0,134.0,uncategorized
2025-03-04,running,4.61,1395.35,5.07,40.3,310.0,147.0,uncategorized
2025-03-05,trail_running,10.94,3668.56,5.7,174.24,657.0,131.0,uncategorized
2025-03-05,running,4.81,1509.22,5.24,41.9,314.0,142.0,uncategorized
2025-03-06,trail_running,10.85,3605.48,5.62,186.71,658.0,128.0,uncategorized
2025-03-06,running,4.79,1481.84,5.24,36.91,298.0,134.0,uncategorized
2025-03-07,running,3.76,1166.0,5.25,21.26,252.0,147.0,uncategorized
2025-03-09,running,24.39,7777.45,5.34,262.47,1622.0,145.0,uncategorized
2025-03-10,running,3.75,1229.36,5.53,71.11,284.0,150.0,uncategorized
2025-03-11,running,3.75,1226.76,6.03,89.09,291.0,132.0,uncategorized
2025-03-11,running,3.93,1215.07,5.2,27.18,271.0,142.0,uncategorized
2025-03-12,running,3.93,1172.0,5.06,29.53,251.0,129.0,uncategorized
2025-03-15,ultra_run,83.57,36371.83,7.91,932.56,6366.0,125.0,race
2025-03-18,running,3.95,1248.54,5.3,71.2,283.0,139.0,uncategorized
2025-03-19,running,4.04,1215.2,5.05,25.39,265.0,141.0,uncategorized
2025-03-23,running,21.28,6658.78,5.22,307.71,1627.0,157.0,race
2025-03-25,running,3.73,1260.5,5.66,74.55,275.0,148.0,uncategorized
2025-03-25,running,7.11,2244.56,5.28,79.2,454.0,135.0,uncategorized
2025-03-26,running,6.22,2128.31,5.73,109.91,430.0,140.0,uncategorized
2025-03-26,running,3.9,1213.51,5.26,20.44,248.0,133.0,uncategorized
2025-03-27,running,8.28,2590.82,5.28,132.58,538.0,145.0,uncategorized
2025-03-27,running,4.88,1402.0,4.81,40.37,305.0,140.0,uncategorized
2025-03-28,running,3.96,1188.5,5.05,30.17,255.0,135.0,uncategorized
2025-03-31,running,10.41,3277.88,5.27,13.27,733.0,144.0,uncategorized
2025-04-03,running,7.12,1970.97,4.65,18.41,494.0,149.0,uncategorized
2025-04-06,running,42.51,13847.61,5.43,156.55,3223.0,149.0,race
2025-04-09,running,5.09,1586.41,5.25,87.81,347.0,136.0,uncategorized
2025-04-10,running,5.22,1665.14,5.33,82.98,357.0,146.0,uncategorized
2025-04-10,running,4.8,1430.94,5.02,35.97,298.0,130.0,uncategorized
2025-04-11,running,4.81,1495.34,5.24,38.5,312.0,141.0,uncategorized
2025-04-21,running,10.17,3271.93,5.41,15.25,722.0,147.0,uncategorized
2025-04-23,running,7.26,2282.32,5.27,13.03,521.0,146.0,uncategorized
2025-04-24,running,10.15,3234.21,5.35,20.36,723.0,147.0,uncategorized
2025-04-27,running,15.25,5823.08,6.41,395.45,1178.0,151.0,uncategorized
2025-04-28,running,5.82,1958.46,5.65,135.25,404.0,134.0,uncategorized
2025-04-29,running,5.58,2045.7,6.12,125.03,412.0,147.0,uncategorized
2025-04-29,running,5.25,1667.49,5.33,54.14,350.0,140.0,uncategorized
2025-04-30,running,5.58,1943.9,5.89,110.57,392.0,139.0,uncategorized
2025-04-30,running,5.54,1703.47,5.15,55.82,359.0,140.0,uncategorized
2025-05-01,running,5.82,1899.75,5.48,116.92,403.0,147.0,uncategorized
2025-05-01,running,5.49,1684.97,5.14,52.0,361.0,148.0,uncategorized
2025-05-02,running,5.25,1711.45,5.46,55.1,344.0,132.0,uncategorized
2025-05-04,running,15.01,5306.47,5.92,409.97,1085.0,145.0,uncategorized
2025-05-05,running,15.11,5264.28,5.83,412.67,1076.0,139.0,uncategorized
2025-05-06,running,6.84,2371.71,5.81,166.23,522.0,152.0,uncategorized
2025-05-07,running,7.26,2534.71,5.87,167.63,527.0,144.0,uncategorized
2025-05-07,running,5.28,1753.32,5.57,53.07,352.0,144.0,uncategorized
2025-05-08,running,7.01,2389.45,5.76,162.28,507.0,146.0,uncategorized
2025-05-08,running,5.49,1736.64,5.3,51.63,355.0,140.0,uncategorized
2025-05-09,running,3.95,1158.31,4.89,25.18,250.0,147.0,uncategorized
2025-05-10,running,24.35,8003.11,5.5,261.5,1619.0,146.0,uncategorized
2025-05-12,trail_running,11.26,3787.27,5.66,193.6,752.0,144.0,uncategorized
2025-05-13,trail_running,11.23,3787.47,5.66,196.93,756.0,145.0,uncategorized
2025-05-13,running,5.49,1738.27,5.31,55.01,358.0,144.0,uncategorized
2025-05-14,trail_running,11.17,4097.83,6.17,188.87,739.0,142.0,uncategorized
2025-05-15,trail_running,11.23,3720.85,5.57,193.61,740.0,145.0,uncategorized
2025-05-15,running,4.17,1287.36,5.21,24.14,254.0,139.0,uncategorized
2025-05-16,running,3.75,1262.38,5.69,20.09,239.0,137.0,uncategorized
2025-05-17,trail_running,24.35,8269.12,5.7,256.26,1576.0,137.0,uncategorized
2025-05-18,running,8.84,2951.48,5.62,107.23,579.0,131.0,uncategorized
2025-05-21,running,5.84,1865.95,5.44,85.5,360.0,129.0,uncategorized
2025-05-22,running,17.64,5961.57,5.68,330.33,1204.0,145.0,uncategorized
2025-05-22,running,4.08,1180.29,4.87,26.05,247.0,137.0,uncategorized
2025-05-25,running,16.29,5518.18,5.68,39.69,1081.0,140.0,uncategorized
2025-05-29,running,7.12,2284.39,5.38,15.47,487.0,141.0,uncategorized
2025-05-30,running,10.25,3208.75,5.24,19.48,725.0,147.0,uncategorized
2025-06-01,running,10.01,3550.17,5.95,237.81,733.0,145.0,uncategorized
2025-06-02,trail_running,17.84,6212.27,5.87,342.95,1198.0,146.0,uncategorized
2025-06-03,running,9.98,3551.72,5.98,263.97,701.0,136.0,uncategorized
2025-06-05,trail_running,20.35,7739.58,6.5,583.36,1411.0,136.0,uncategorized
2025-06-07,trail_running,27.91,10068.6,6.16,582.85,2095.0,150.0,race
2025-06-10,running,5.11,1725.68,5.69,62.43,369.0,136.0,uncategorized
2025-06-11,running,3.61,1206.0,5.63,19.18,233.0,127.0,uncategorized
2025-06-14,ultra_run,110.98,50557.31,8.42,1388.24,8267.0,123.0,race
2025-06-30,running,5.22,1824.85,5.91,76.22,353.0,138.0,uncategorized
2025-07-01,running,3.7,1289.0,5.89,20.48,260.0,142.0,uncategorized
2025-07-03,running,5.07,1723.25,5.76,86.69,364.0,147.0,uncategorized
2025-07-04,running,3.81,1257.58,5.53,24.64,248.0,126.0,uncategorized
2025-07-07,running,5.76,1944.57,5.69,26.44,424.0,146.0,uncategorized
2025-07-08,running,5.88,1957.0,5.63,8.41,400.0,136.0,uncategorized
2025-07-10,running,5.87,1823.01,5.23,20.11,403.0,142.0,uncategorized
2025-07-11,running,5.85,1771.91,5.13,12.48,396.0,143.0,uncategorized
2025-07-14,running,5.73,1879.33,5.55,8.33,411.0,141.0,uncategorized
2025-07-16,running,5.46,1864.43,5.77,97.18,376.0,140.0,uncategorized
2025-07-17,running,5.84,1893.72,5.45,88.75,387.0,134.0,uncategorized
2025-07-17,running,5.31,1766.26,5.61,51.44,324.0,127.0,uncategorized
2025-07-18,running,4.41,1352.53,5.18,34.73,253.0,127.0,uncategorized
2025-07-21,treadmill_running,6.01,2238.68,6.52,0,462.0,141.0,uncategorized
2025-07-22,treadmill_running,6.85,2253.41,5.49,0,447.0,138.0,uncategorized
2025-07-23,running,7.93,2665.63,5.67,113.14,516.0,140.0,uncategorized
2025-07-24,running,6.13,2037.84,5.58,96.24,396.0,139.0,uncategorized
2025-07-24,running,4.09,1287.0,5.33,26.32,272.0,144.0,uncategorized
2025-07-25,running,3.78,1092.39,4.83,21.48,245.0,138.0,uncategorized
2025-07-27,trail_running,7.37,2513.37,5.74,92.43,436.0,133.0,uncategorized
2025-07-28,treadmill_running,6.92,2272.12,5.49,0,524.0,150.0,uncategorized
2025-07-29,running,8.1,2695.86,5.59,121.36,524.0,145.0,uncategorized
2025-07-30,treadmill_running,7.18,2300.55,5.35,0,476.0,140.0,uncategorized
2025-07-31,running,8.47,2764.67,5.48,122.93,543.0,138.0,uncategorized
2025-08-01,running,4.08,1236.47,5.12,23.46,249.0,126.0,uncategorized
2025-08-02,treadmill_running,5.06,1654.29,5.47,0,400.0,155.0,uncategorized
2025-08-04,trail_running,9.64,3399.97,5.94,169.07,617.0,143.0,uncategorized
2025-08-05,trail_running,10.13,3434.28,5.68,178.73,643.0,139.0,uncategorized
2025-08-06,treadmill_running,4.24,1250.51,4.92,0,272.0,142.0,uncategorized
2025-08-06,running,4.09,1246.34,5.14,26.28,266.0,138.0,uncategorized
2025-08-07,trail_running,10.05,3420.81,5.78,162.76,651.0,145.0,uncategorized
2025-08-09,trail_running,11.0,3765.07,5.79,183.38,723.0,142.0,uncategorized
2025-08-12,running,9.1,2744.24,5.08,11.59,634.0,145.0,uncategorized
2025-08-14,running,12.39,4175.39,5.68,29.99,768.0,127.0,uncategorized
2025-08-17,running,11.17,3221.79,4.84,13.69,799.0,152.0,uncategorized
2025-08-18,running,10.43,3422.9,5.51,12.8,739.0,141.0,uncategorized
2025-08-19,running,11.67,3530.47,5.09,22.69,700.0,134.0,uncategorized
2025-08-21,running,9.59,2947.81,5.17,17.36,661.0,142.0,uncategorized
2025-08-22,running,11.72,3506.06,5.01,28.55,753.0,143.0,uncategorized
2025-08-24,running,9.17,2853.84,5.23,26.93,643.0,127.0,uncategorized
2025-08-25,running,5.93,1846.61,5.25,11.71,403.0,140.0,uncategorized
2025-08-27,running,5.3,1630.87,5.25,117.1,354.0,142.0,uncategorized
2025-08-30,ultra_run,30.88,13580.03,8.85,947.78,2699.0,137.0,race
2025-09-01,trail_running,10.17,3500.75,5.86,254.95,742.0,142.0,uncategorized
2025-09-02,running,10.68,3718.46,5.88,277.12,797.0,140.0,uncategorized
2025-09-02,running,2.58,839.35,5.6,26.83,164.0,131.0,uncategorized
2025-09-04,running,6.74,2170.85,5.48,150.47,477.0,139.0,uncategorized
2025-09-06,trail_running,11.63,3834.44,5.57,242.24,852.0,144.0,uncategorized
2025-09-07,trail_running,9.07,3226.72,6.0,212.38,677.0,143.0,uncategorized
2025-09-13,trail_running,12.79,4576.57,6.46,311.95,985.0,147.0,uncategorized
2025-09-19,running,10.34,3256.4,5.3,81.24,708.0,136.0,uncategorized
2025-09-21,running,0.5,179.0,9.06,14.49,46.0,120.0,uncategorized
2025-09-21,trail_running,9.54,3652.41,6.69,193.77,741.0,135.0,uncategorized
2025-09-22,treadmill_running,8.01,2395.32,5.01,0,576.0,155.0,uncategorized
2025-09-26,treadmill_running,4.26,1488.55,5.86,0,323.0,142.0,uncategorized
2025-09-28,running,2.91,1081.52,6.33,80.68,247.0,158.0,uncategorized
2025-09-28,running,10.14,2897.66,4.77,137.75,729.0,157.0,race
2025-09-28,running,3.05,1028.82,5.63,15.03,191.0,133.0,uncategorized
2025-09-29,treadmill_running,4.16,1487.94,6.05,0,355.0,153.0,uncategorized
2025-09-30,running,2.73,981.51,6.02,26.63,194.0,143.0,uncategorized
2025-10-01,running,16.98,5897.91,5.82,249.07,1235.0,144.0,uncategorized
2025-10-02,running,2.78,873.29,5.28,23.0,170.0,124.0,uncategorized
2025-10-03,treadmill_running,4.01,1654.51,7.83,0,332.0,135.0,uncategorized
2025-10-04,running,29.21,10194.12,5.94,407.01,2019.0,140.0,uncategorized
2025-10-06,running,19.62,6604.02,5.64,393.29,1468.0,149.0,uncategorized
2025-10-07,running,2.41,817.32,5.75,69.21,195.0,144.0,uncategorized
2025-10-07,running,2.35,758.48,5.44,14.01,144.0,133.0,uncategorized
2025-10-08,running,9.1,2744.0,5.11,119.96,624.0,137.0,uncategorized
2025-10-08,running,2.43,747.0,5.21,14.15,154.0,135.0,uncategorized
2025-10-12,running,21.3,6396.12,5.01,71.07,1639.0,162.0,race
2025-10-14,running,9.22,2628.69,4.78,20.02,627.0,146.0,uncategorized
2025-10-15,running,5.01,1643.88,5.53,13.42,339.0,125.0,uncategorized
2025-10-16,running,5.76,1794.47,5.26,11.26,399.0,137.0,uncategorized
2025-10-19,treadmill_running,4.15,1494.49,6.0,0,311.0,139.0,uncategorized
2025-10-20,running,16.62,5461.97,5.52,305.24,1210.0,145.0,uncategorized
2025-10-21,treadmill_running,4.13,1495.66,6.05,0,301.0,136.0,uncategorized
2025-10-21,running,3.0,945.41,5.33,26.77,186.0,124.0,uncategorized
2025-10-22,running,16.22,5499.12,5.7,343.15,1180.0,145.0,uncategorized
2025-10-22,running,3.02,959.0,5.31,24.08,208.0,149.0,uncategorized
2025-10-23,running,2.53,826.21,5.53,21.32,166.0,136.0,uncategorized
2025-10-25,treadmill_running,5.04,1775.7,5.94,0,364.0,138.0,uncategorized
2025-10-26,running,21.22,6435.52,5.06,226.36,1490.0,161.0,race
2025-10-27,running,16.09,5780.81,6.05,345.42,1156.0,136.0,uncategorized
2025-10-28,treadmill_running,5.2,1800.19,5.78,0,357.0,137.0,uncategorized
2025-10-28,running,3.03,954.08,5.36,45.89,190.0,132.0,uncategorized
2025-10-30,running,15.12,5258.99,5.83,209.45,1052.0,131.0,uncategorized
2025-10-30,running,2.95,971.0,5.6,23.54,188.0,135.0,uncategorized
2025-10-31,running,2.52,878.0,5.87,18.08,159.0,131.0,uncategorized
2025-11-02,trail_running,42.1,15652.67,6.31,715.2,3204.0,154.0,race
2025-11-04,running,2.28,819.33,6.12,76.83,191.0,132.0,uncategorized
2025-11-05,running,13.44,4627.13,5.81,290.86,1028.0,143.0,uncategorized
2025-11-06,running,9.53,3548.19,6.25,263.08,715.0,135.0,uncategorized
2025-11-06,running,2.64,931.0,5.9,17.07,166.0,129.0,uncategorized
2025-11-07,running,2.55,873.35,5.83,19.47,156.0,125.0,uncategorized
2025-11-09,running,18.72,6535.78,5.84,253.06,1359.0,136.0,uncategorized
2025-11-10,running,15.32,5371.62,5.88,320.82,1143.0,141.0,uncategorized
2025-11-11,running,9.21,3190.44,5.83,191.93,679.0,139.0,uncategorized
2025-11-11,running,2.58,781.49,5.18,19.19,172.0,141.0,uncategorized
2025-11-12,running,14.95,5154.71,5.82,294.19,1118.0,142.0,uncategorized
2025-11-12,running,2.63,808.0,5.26,19.0,150.0,118.0,uncategorized
2025-11-13,running,9.22,3085.3,5.63,184.29,662.0,133.0,uncategorized
2025-11-15,running,12.64,4265.59,5.67,164.43,808.0,128.0,uncategorized
2025-11-16,running,20.76,6377.15,5.12,262.62,1453.0,148.0,race
2025-11-17,running,7.78,2820.44,6.07,207.35,570.0,131.0,uncategorized
2025-11-18,running,9.3,3322.97,6.01,242.26,672.0,130.0,uncategorized
2025-11-18,running,2.66,788.0,5.02,20.38,163.0,131.0,uncategorized
2025-11-19,running,14.43,4945.57,5.76,163.35,1037.0,130.0,uncategorized
2025-11-19,running,2.6,825.0,5.36,28.4,158.0,118.0,uncategorized
2025-11-20,running,10.31,3616.2,5.9,217.22,730.0,129.0,uncategorized
2025-11-21,running,2.58,756.01,4.94,20.09,148.0,125.0,uncategorized
2025-11-22,trail_running,17.61,5481.17,5.25,192.09,1297.0,155.0,uncategorized
2025-11-23,trail_running,17.82,5484.27,5.18,211.84,1159.0,141.0,uncategorized
2025-11-28,running,5.83,1814.04,5.23,34.21,363.0,128.0,uncategorized
2025-11-30,ultra_run,79.13,36002.01,8.14,2284.79,6176.0,128.0,race
2025-12-03,running,3.02,1090.66,6.1,10.55,204.0,120.0,uncategorized
2025-12-07,treadmill_running,4.05,1524.36,6.37,0,302.0,133.0,uncategorized
2025-12-08,running,16.68,5742.77,5.82,203.42,1195.0,138.0,uncategorized
2025-12-09,treadmill_running,4.21,1485.46,6.01,0,329.0,144.0,uncategorized
2025-12-10,treadmill_running,5.18,1732.4,5.61,0,388.0,147.0,uncategorized
2025-12-12,treadmill_running,5.35,1783.79,5.66,0,327.0,128.0,uncategorized
2025-12-14,treadmill_running,9.44,3087.05,5.47,0,571.0,134.0,uncategorized
2025-12-15,running,12.51,4193.74,5.61,182.0,918.0,134.0,uncategorized
2025-12-16,treadmill_running,5.04,1549.26,5.16,0,342.0,140.0,uncategorized
2025-12-16,treadmill_running,5.05,1511.89,5.06,0,317.0,135.0,uncategorized
2025-12-17,treadmill_running,5.1,1508.47,5.0,0,329.0,143.0,uncategorized
2025-12-18,treadmill_running,4.61,1311.94,4.78,0,320.0,151.0,uncategorized
2025-12-18,treadmill_running,5.35,1559.38,4.87,0,352.0,146.0,uncategorized
2025-12-20,treadmill_running,4.73,1624.28,5.75,0,326.0,134.0,uncategorized
2025-12-20,treadmill_running,5.38,1551.54,4.84,0,378.0,152.0,uncategorized
2025-12-23,treadmill_running,4.31,1298.05,5.11,0,305.0,145.0,uncategorized
2025-12-23,treadmill_running,5.81,1666.18,4.83,0,388.0,148.0,uncategorized
2025-12-28,treadmill_running,10.08,2977.28,4.93,0,711.0,151.0,uncategorized
2026-01-04,treadmill_running,3.4,1010.83,5.01,0,255.0,153.0,uncategorized
2026-01-04,treadmill_running,6.6,1973.04,5.02,0,500.0,159.0,uncategorized
2026-01-05,treadmill_running,10.12,2992.84,4.96,0,715.0,152.0,uncategorized
2026-01-06,treadmill_running,10.1,2909.15,4.83,0,661.0,153.0,uncategorized
2026-01-07,running,7.3,2448.21,5.62,173.0,557.0,145.0,uncategorized
2026-01-08,treadmill_running,6.87,1961.81,4.84,0,452.0,149.0,uncategorized
2026-01-10,trail_running,24.3,10771.7,7.84,638.0,1968.0,133.0,race
2026-01-18,trail_running,9.98,3070.19,5.13,125.0,797.0,164.0,race
2026-01-19,running,5.05,1863.4,6.2,120.0,411.0,142.0,uncategorized
2026-01-21,treadmill_running,8.83,2720.48,5.18,0,543.0,143.0,uncategorized
2026-01-22,treadmill_running,8.38,2681.53,5.36,0,568.0,151.0,uncategorized
2026-01-23,trail_running,12.59,4254.22,5.66,159.0,899.0,138.0,uncategorized
2026-01-25,treadmill_running,12.01,3695.7,5.15,0,775.0,145.0,uncategorized
2026-01-26,running,17.66,6311.97,5.97,370.0,1341.0,147.0,uncategorized
2026-01-28,running,15.79,5354.45,5.66,342.0,1174.0,144.0,uncategorized
2026-01-29,treadmill_running,9.28,2868.7,5.17,0,522.0,144.0,uncategorized
2026-01-31,treadmill_running,11.23,3595.12,5.39,0,597.0,136.0,uncategorized
2026-02-02,running,15.19,5227.69,5.77,302.0,1164.0,149.0,uncategorized
2026-02-03,treadmill_running,11.22,3696.45,5.52,0,623.0,144.0,uncategorized
2026-02-04,running,16.98,5671.98,5.59,333.0,1231.0,140.0,uncategorized
2026-02-09,treadmill_running,12.01,3890.46,5.42,0,657.0,139.0,uncategorized
2026-02-10,treadmill_running,11.13,3646.78,5.49,0,656.0,139.0,uncategorized
2026-02-11,treadmill_running,10.61,3416.03,5.38,0,649.0,150.0,uncategorized
2026-02-13,treadmill_running,11.12,3555.67,5.34,0,678.0,149.0,uncategorized
2026-02-14,treadmill_running,12.24,3820.54,5.22,0,731.0,145.0,uncategorized
2026-02-16,treadmill_running,12.01,3760.29,5.26,0,721.0,140.0,uncategorized
2026-02-17,treadmill_running,12.01,3797.04,5.29,0,709.0,143.0,uncategorized
2026-02-19,treadmill_running,6.39,2034.55,5.32,0,372.0,135.0,uncategorized
2026-02-20,running,13.08,4477.59,5.73,273.0,1022.0,149.0,uncategorized
2026-02-21,treadmill_running,10.04,3206.71,5.46,0,498.0,138.0,uncategorized
2026-02-22,trail_running,17.98,5874.55,5.46,260.0,1350.0,148.0,uncategorized
2026-02-23,running,11.59,3863.43,5.57,251.0,863.0,143.0,uncategorized
2026-02-24,treadmill_running,10.02,3260.93,5.47,0,512.0,126.0,uncategorized
2026-02-24,running,2.62,754.0,4.83,26.0,182.0,153.0,uncategorized
2026-02-25,running,15.08,4947.26,5.49,211.0,1068.0,135.0,uncategorized
2026-02-26,treadmill_running,10.2,3286.09,5.39,0,519.0,134.0,uncategorized
2026-02-27,running,10.14,3550.32,5.86,211.0,731.0,134.0,uncategorized
2026-03-01,running,21.15,6243.21,4.92,64.0,1553.0,158.0,race
2026-03-02,running,11.48,4040.84,5.89,259.0,835.0,129.0,uncategorized
2026-03-03,running,14.63,4620.95,5.32,160.0,1091.0,146.0,uncategorized
2026-03-04,treadmill_running,12.0,3837.72,5.34,0,567.0,124.0,uncategorized
2026-03-04,running,2.61,894.0,5.73,17.0,185.0,135.0,uncategorized
2026-03-05,running,14.68,4703.59,5.36,149.0,1013.0,135.0,uncategorized
2026-03-06,running,5.07,2367.89,7.8,61.0,355.0,103.0,uncategorized
2026-03-07,treadmill_running,9.29,2922.53,5.26,0,409.0,119.0,uncategorized
2026-03-08,running,21.17,6209.62,4.89,13.0,1478.0,148.0,race
2026-03-10,running,15.64,5029.48,5.38,190.0,1140.0,142.0,uncategorized
2026-03-11,running,15.54,5117.31,5.5,182.0,1153.0,143.0,uncategorized
2026-03-11,running,2.64,867.0,5.53,19.0,180.0,128.0,uncategorized
2026-03-12,running,2.61,925.0,5.93,35.0,199.0,136.0,uncategorized
2026-03-14,treadmill_running,12.01,3794.65,5.31,0,596.0,139.0,uncategorized
2026-03-15,trail_running,31.94,10899.36,5.7,454.0,2408.0,148.0,race
2026-03-18,treadmill_running,6.01,1976.04,5.5,0,431.0,154.0,uncategorized
